treincode,vertrekuur,vertrekminuut,bestemming,vertrekspoor,soort,vertraging,tussenstations,bericht,storingsoorzaak,nieuweBestemming,nieuwVertrekspoor,rijdtNiet
NP-TR003-R2-00H03M,00,03,Nouveau Paris Nord,2,T.E. Regional,,Châteauville,Rijdt niet door werkzaamheden. Reis naar Côte Boisée via Leusden.,werkzaamheden,,,1
NP-TR003-R1-00H03M,00,03,Gendte Ville Basse,3,T.E. Regional,,"Canauxbourg, Ville de Finpont, Plainebourg, Gendte Central",,,,2,
NP-TR005-R2-00H07M,00,07,Plaine au centre de la forêt,5,T.E. Regional,,Nouveau Paris Sud,,,,,
NP-ICE01-R2-00H08M,00,08,Berlin Hbf,7,ICE International,,,,,,,
NP-EUR01-R2-00H10M,00,10,Obsiddian Lake City Int.,6,Eurostar,,Dover,,,,,
NP-IC002-R1-00H12M,00,12,Mer Nouveau,3,Intercité,,"Formarais, Portail de l'Ouest",Stopt ook in Formarais,,,,
NP-TR003-R2-00H12M,00,12,Berlin Hbf,2,Intercité,,"Générateur de Zombie, Arrecour",,,,,
NP-TR003-R1-00H13M,00,13,Baie de Fleurs,4,Intercité,,"Gendte C., Plainebourg",,,,,
NP-TR003-R2-00H13M,00,13,Sudport,1,Intercité,,Leusden,,,,,
NP-TR003-R1-00H18M,00,18,Nouveau Paris Nord,2,T.E. Regional,,Châteauville,Rijdt niet door werkzaamheden. Reis naar Côte Boisée via Leusden.,werkzaamheden,,,1
NP-TR003-R2-00H18M,00,18,Gendte Ville Basse,3,T.E. Regional,,"Canauxbourg, Ville de Finpont, Plainebourg, Gendte Central",,,,2,
NP-TR003-R1-00H22M,00,22,Plaine au centre de la forêt,5,T.E. Regional,,Nouveau Paris Sud,,,,,
NP-TR003-R2-00H23M,00,23,Berlin Hbf,7,ICE International,,,,,,,
NP-TR003-R1-00H25M,00,25,Obsiddian Lake City Int.,6,Eurostar,,,,,,,
NP-TR003-R2-00H27M,00,27,Mer Nouveau,3,Intercité,,"Formarais, Portail de l'Ouest",Stopt ook in Formarais,,,,
NP-TR003-R1-00H27M,00,27,Berlin Hbf,2,Intercité,,"Générateur de Zombie, Arrecour",,,,,
NP-TR003-R2-00H28M,00,28,Baie de Fleurs,4,Intercité,,Gendte C.,,,,,
NP-TR003-R1-00H28M,00,28,Sudport,1,Intercité,,Leusden,,,,,
NP-TR003-R2-00H33M,00,33,Nouveau Paris Nord,2,T.E. Regional,,Châteauville,Rijdt niet door werkzaamheden. Reis naar Côte Boisée via Leusden.,werkzaamheden,,,1
NP-TR003-R1-00H33M,00,33,Gendte Ville Basse,3,T.E. Regional,,"Canauxbourg, Ville de Finpont, Plainebourg, Gendte Central",,,,2,
NP-TR005-R2-00H37M,00,37,Plaine au centre de la forêt,5,T.E. Regional,,Nouveau Paris Sud,,,,,
NP-ICE01-R2-00H38M,00,38,Berlin Hbf,7,ICE International,,,,,,,
NP-EUR01-R2-00H40M,00,40,Obsiddian Lake City Int.,6,Eurostar,,Dover,,,,,
NP-IC002-R1-00H42M,00,42,Mer Nouveau,3,Intercité,,"Formarais, Portail de l'Ouest",Stopt ook in Formarais,,,,
NP-TR003-R2-00H42M,00,42,Berlin Hbf,2,Intercité,,"Générateur de Zombie, Arrecour",,,,,
NP-TR003-R1-00H43M,00,43,Baie de Fleurs,4,Intercité,,"Gendte C., Plainebourg",,,,,
NP-TR003-R2-00H43M,00,43,Sudport,1,Intercité,,Leusden,,,,,
NP-TR003-R1-00H48M,00,48,Nouveau Paris Nord,2,T.E. Regional,,Châteauville,Rijdt niet door werkzaamheden. Reis naar Côte Boisée via Leusden.,werkzaamheden,,,1
NP-TR003-R2-00H48M,00,48,Gendte Ville Basse,3,T.E. Regional,,"Canauxbourg, Ville de Finpont, Plainebourg, Gendte Central",,,,2,
NP-TR003-R1-00H52M,00,52,Plaine au centre de la forêt,5,T.E. Regional,,Nouveau Paris Sud,,,,,
NP-TR003-R2-00H53M,00,53,Berlin Hbf,7,ICE International,,,,,,,
NP-TR003-R1-00H55M,00,55,Obsiddian Lake City Int.,6,Eurostar,,,,,,,
NP-TR003-R2-00H57M,00,57,Mer Nouveau,3,Intercité,,"Formarais, Portail de l'Ouest",Stopt ook in Formarais,,,,
NP-TR003-R1-00H57M,00,57,Berlin Hbf,2,Intercité,,"Générateur de Zombie, Arrecour",,,,,
NP-TR003-R2-00H58M,00,58,Baie de Fleurs,4,Intercité,,Gendte C.,,,,,
NP-TR003-R1-00H58M,00,58,Sudport,1,Intercité,,Leusden,,,,,
NP-TR003-R2-01H03M,01,03,Nouveau Paris Nord,2,T.E. Regional,,Châteauville,Rijdt niet door werkzaamheden. Reis naar Côte Boisée via Leusden.,werkzaamheden,,,1
NP-TR003-R1-01H03M,01,03,Gendte Ville Basse,3,T.E. Regional,,"Canauxbourg, Ville de Finpont, Plainebourg, Gendte Central",,,,1,
NP-TR005-R2-01H07M,01,07,Plaine au centre de la forêt,5,T.E. Regional,,Nouveau Paris Sud,,,,,
NP-ICE01-R2-01H08M,01,08,Berlin Hbf,7,ICE International,,,,,,,
NP-EUR01-R2-01H10M,01,10,Obsiddian Lake City Int.,6,Eurostar,,Dover,,,,,
NP-IC002-R1-01H12M,01,12,Mer Nouveau,3,Intercité,,"Formarais, Portail de l'Ouest",Stopt ook in Formarais,,,,
NP-TR003-R2-01H12M,01,12,Berlin Hbf,2,Intercité,,"Générateur de Zombie, Arrecour",,,,,
NP-TR003-R1-01H13M,01,13,Baie de Fleurs,4,Intercité,,"Gendte C., Plainebourg",,,,,
NP-TR003-R2-01H13M,01,13,Sudport,1,Intercité,,Leusden,,,,,
NP-TR003-R1-01H18M,01,18,Nouveau Paris Nord,2,T.E. Regional,,Châteauville,Rijdt niet door werkzaamheden. Reis naar Côte Boisée via Leusden.,werkzaamheden,,,1
NP-TR003-R2-01H18M,01,18,Gendte Ville Basse,3,T.E. Regional,,"Canauxbourg, Ville de Finpont, Plainebourg, Gendte Central",,,,1,
NP-TR003-R1-01H22M,01,22,Plaine au centre de la forêt,5,T.E. Regional,,Nouveau Paris Sud,,,,,
NP-TR003-R2-01H23M,01,23,Berlin Hbf,7,ICE International,,,,,,,
NP-TR003-R1-01H25M,01,25,Obsiddian Lake City Int.,6,Eurostar,,,,,,,
NP-TR003-R2-01H27M,01,27,Mer Nouveau,3,Intercité,,"Formarais, Portail de l'Ouest",Stopt ook in Formarais,,,,
NP-TR003-R1-01H27M,01,27,Berlin Hbf,2,Intercité,,"Générateur de Zombie, Arrecour",,,,,
NP-TR003-R2-01H28M,01,28,Baie de Fleurs,4,Intercité,,Gendte C.,,,,,
NP-TR003-R1-01H28M,01,28,Sudport,1,Intercité,,Leusden,,,,,
NP-TR003-R2-01H33M,01,33,Nouveau Paris Nord,2,T.E. Regional,,Châteauville,Rijdt niet door werkzaamheden. Reis naar Côte Boisée via Leusden.,werkzaamheden,,,1
NP-TR003-R1-01H33M,01,33,Gendte Ville Basse,3,T.E. Regional,,"Canauxbourg, Ville de Finpont, Plainebourg, Gendte Central",,,,1,
NP-TR005-R2-01H37M,01,37,Plaine au centre de la forêt,5,T.E. Regional,,Nouveau Paris Sud,,,,,
NP-ICE01-R2-01H38M,01,38,Berlin Hbf,7,ICE International,,,,,,,
NP-EUR01-R2-01H40M,01,40,Obsiddian Lake City Int.,6,Eurostar,,Dover,,,,,
NP-IC002-R1-01H42M,01,42,Mer Nouveau,3,Intercité,,"Formarais, Portail de l'Ouest",Stopt ook in Formarais,,,,
NP-TR003-R2-01H42M,01,42,Berlin Hbf,2,Intercité,,"Générateur de Zombie, Arrecour",,,,,
NP-TR003-R1-01H43M,01,43,Baie de Fleurs,4,Intercité,,"Gendte C., Plainebourg",,,,,
NP-TR003-R2-01H43M,01,43,Sudport,1,Intercité,,Leusden,,,,,
NP-TR003-R1-01H58M,01,48,Nouveau Paris Nord,2,T.E. Regional,,Châteauville,Rijdt niet door werkzaamheden. Reis naar Côte Boisée via Leusden.,werkzaamheden,,,1
NP-TR003-R2-01H58M,01,48,Gendte Ville Basse,3,T.E. Regional,,"Canauxbourg, Ville de Finpont, Plainebourg, Gendte Central",,,,1,
NP-TR003-R1-01H52M,01,52,Plaine au centre de la forêt,5,T.E. Regional,,Nouveau Paris Sud,,,,,
NP-TR003-R2-01H53M,01,53,Berlin Hbf,7,ICE International,,,,,,,
NP-TR003-R1-01H55M,01,55,Obsiddian Lake City Int.,6,Eurostar,,,,,,,
NP-TR003-R2-01H57M,01,57,Mer Nouveau,3,Intercité,,"Formarais, Portail de l'Ouest",Stopt ook in Formarais,,,,
NP-TR003-R1-01H57M,01,57,Berlin Hbf,2,Intercité,,"Générateur de Zombie, Arrecour",,,,,
NP-TR003-R2-01H58M,01,58,Baie de Fleurs,4,Intercité,,Gendte C.,,,,,
NP-TR003-R1-01H58M,01,58,Sudport,1,Intercité,,Leusden,,,,,
NP-TR003-R2-02H03M,02,03,Nouveau Paris Nord,2,T.E. Regional,,Châteauville,Rijdt niet door werkzaamheden. Reis naar Côte Boisée via Leusden.,werkzaamheden,,,1
NP-TR003-R1-02H03M,02,03,Gendte Ville Basse,3,T.E. Regional,,"Canauxbourg, Ville de Finpont, Plainebourg, Gendte Central",,,,1,
NP-TR005-R2-02H07M,02,07,Plaine au centre de la forêt,5,T.E. Regional,,Nouveau Paris Sud,,,,,
NP-ICE01-R2-02H08M,02,08,Berlin Hbf,7,ICE International,,,,,,,
NP-EUR01-R2-02H10M,02,10,Obsiddian Lake City Int.,6,Eurostar,,Dover,,,,,
NP-IC002-R1-02H12M,02,12,Mer Nouveau,3,Intercité,,"Formarais, Portail de l'Ouest",Stopt ook in Formarais,,,,
NP-TR003-R2-02H12M,02,12,Berlin Hbf,2,Intercité,,"Générateur de Zombie, Arrecour",,,,,
NP-TR003-R1-02H13M,02,13,Baie de Fleurs,4,Intercité,,"Gendte C., Plainebourg",,,,,
NP-TR003-R2-02H13M,02,13,Sudport,1,Intercité,,Leusden,,,,,
NP-TR003-R1-02H18M,02,18,Nouveau Paris Nord,2,T.E. Regional,,Châteauville,Rijdt niet door werkzaamheden. Reis naar Côte Boisée via Leusden.,werkzaamheden,,,1
NP-TR003-R2-02H18M,02,18,Gendte Ville Basse,3,T.E. Regional,,"Canauxbourg, Ville de Finpont, Plainebourg, Gendte Central",,,,1,
NP-TR003-R1-02H22M,02,22,Plaine au centre de la forêt,5,T.E. Regional,,Nouveau Paris Sud,,,,,
NP-TR003-R2-02H23M,02,23,Berlin Hbf,7,ICE International,,,,,,,
NP-TR003-R1-02H25M,02,25,Obsiddian Lake City Int.,6,Eurostar,,,,,,,
NP-TR003-R2-02H27M,02,27,Mer Nouveau,3,Intercité,,"Formarais, Portail de l'Ouest",Stopt ook in Formarais,,,,
NP-TR003-R1-02H27M,02,27,Berlin Hbf,2,Intercité,,"Générateur de Zombie, Arrecour",,,,,
NP-TR003-R2-02H28M,02,28,Baie de Fleurs,4,Intercité,,Gendte C.,,,,,
NP-TR003-R1-02H28M,02,28,Sudport,1,Intercité,,Leusden,,,,,
NP-TR003-R2-02H33M,02,33,Nouveau Paris Nord,2,T.E. Regional,,Châteauville,Rijdt niet door werkzaamheden. Reis naar Côte Boisée via Leusden.,werkzaamheden,,,1
NP-TR003-R1-02H33M,02,33,Gendte Ville Basse,3,T.E. Regional,,"Canauxbourg, Ville de Finpont, Plainebourg, Gendte Central",,,,1,
NP-TR005-R2-02H37M,02,37,Plaine au centre de la forêt,5,T.E. Regional,,Nouveau Paris Sud,,,,,
NP-ICE01-R2-02H38M,02,38,Berlin Hbf,7,ICE International,,,,,,,
NP-EUR01-R2-02H40M,02,40,Obsiddian Lake City Int.,6,Eurostar,,Dover,,,,,
NP-IC002-R1-02H42M,02,42,Mer Nouveau,3,Intercité,,"Formarais, Portail de l'Ouest",Stopt ook in Formarais,,,,
NP-TR003-R2-02H42M,02,42,Berlin Hbf,2,Intercité,,"Générateur de Zombie, Arrecour",,,,,
NP-TR003-R1-02H43M,02,43,Baie de Fleurs,4,Intercité,,"Gendte C., Plainebourg",,,,,
NP-TR003-R2-02H43M,02,43,Sudport,1,Intercité,,Leusden,,,,,
NP-TR003-R1-02H58M,02,48,Nouveau Paris Nord,2,T.E. Regional,,Châteauville,Rijdt niet door werkzaamheden. Reis naar Côte Boisée via Leusden.,werkzaamheden,,,1
NP-TR003-R2-02H58M,02,48,Gendte Ville Basse,3,T.E. Regional,,"Canauxbourg, Ville de Finpont, Plainebourg, Gendte Central",,,,1,
NP-TR003-R1-02H52M,02,52,Plaine au centre de la forêt,5,T.E. Regional,,Nouveau Paris Sud,,,,,
NP-TR003-R2-02H53M,02,53,Berlin Hbf,7,ICE International,,,,,,,
NP-TR003-R1-02H55M,02,55,Obsiddian Lake City Int.,6,Eurostar,,,,,,,
NP-TR003-R2-02H57M,02,57,Mer Nouveau,3,Intercité,,"Formarais, Portail de l'Ouest",Stopt ook in Formarais,,,,
NP-TR003-R1-02H57M,02,57,Berlin Hbf,2,Intercité,,"Générateur de Zombie, Arrecour",,,,,
NP-TR003-R2-02H58M,02,58,Baie de Fleurs,4,Intercité,,Gendte C.,,,,,
NP-TR003-R1-02H58M,02,58,Sudport,1,Intercité,,Leusden,,,,,
NP-TR003-R2-03H03M,03,03,Nouveau Paris Nord,2,T.E. Regional,,Châteauville,Rijdt niet door werkzaamheden. Reis naar Côte Boisée via Leusden.,werkzaamheden,,,1
NP-TR003-R1-03H03M,03,03,Gendte Ville Basse,3,T.E. Regional,,"Canauxbourg, Ville de Finpont, Plainebourg, Gendte Central",,,,1,
NP-TR005-R2-03H07M,03,07,Plaine au centre de la forêt,5,T.E. Regional,,Nouveau Paris Sud,,,,,
NP-ICE01-R2-03H08M,03,08,Berlin Hbf,7,ICE International,,,,,,,
NP-EUR01-R2-03H10M,03,10,Obsiddian Lake City Int.,6,Eurostar,,Dover,,,,,
NP-IC002-R1-03H12M,03,12,Mer Nouveau,3,Intercité,,"Formarais, Portail de l'Ouest",Stopt ook in Formarais,,,,
NP-TR003-R2-03H12M,03,12,Berlin Hbf,2,Intercité,,"Générateur de Zombie, Arrecour",,,,,
NP-TR003-R1-03H13M,03,13,Baie de Fleurs,4,Intercité,,"Gendte C., Plainebourg",,,,,
NP-TR003-R2-03H13M,03,13,Sudport,1,Intercité,,Leusden,,,,,
NP-TR003-R1-03H18M,03,18,Nouveau Paris Nord,2,T.E. Regional,,Châteauville,Rijdt niet door werkzaamheden. Reis naar Côte Boisée via Leusden.,werkzaamheden,,,1
NP-TR003-R2-03H18M,03,18,Gendte Ville Basse,3,T.E. Regional,,"Canauxbourg, Ville de Finpont, Plainebourg, Gendte Central",,,,1,
NP-TR003-R1-03H22M,03,22,Plaine au centre de la forêt,5,T.E. Regional,,Nouveau Paris Sud,,,,,
NP-TR003-R2-03H23M,03,23,Berlin Hbf,7,ICE International,,,,,,,
NP-TR003-R1-03H25M,03,25,Obsiddian Lake City Int.,6,Eurostar,,,,,,,
NP-TR003-R2-03H27M,03,27,Mer Nouveau,3,Intercité,,"Formarais, Portail de l'Ouest",Stopt ook in Formarais,,,,
NP-TR003-R1-03H27M,03,27,Berlin Hbf,2,Intercité,,"Générateur de Zombie, Arrecour",,,,,
NP-TR003-R2-03H28M,03,28,Baie de Fleurs,4,Intercité,,Gendte C.,,,,,
NP-TR003-R1-03H28M,03,28,Sudport,1,Intercité,,Leusden,,,,,
NP-TR003-R2-03H33M,03,33,Nouveau Paris Nord,2,T.E. Regional,,Châteauville,Rijdt niet door werkzaamheden. Reis naar Côte Boisée via Leusden.,werkzaamheden,,,1
NP-TR003-R1-03H33M,03,33,Gendte Ville Basse,3,T.E. Regional,,"Canauxbourg, Ville de Finpont, Plainebourg, Gendte Central",,,,1,
NP-TR005-R2-03H37M,03,37,Plaine au centre de la forêt,5,T.E. Regional,,Nouveau Paris Sud,,,,,
NP-ICE01-R2-03H38M,03,38,Berlin Hbf,7,ICE International,,,,,,,
NP-EUR01-R2-03H40M,03,40,Obsiddian Lake City Int.,6,Eurostar,,Dover,,,,,
NP-IC002-R1-03H42M,03,42,Mer Nouveau,3,Intercité,,"Formarais, Portail de l'Ouest",Stopt ook in Formarais,,,,
NP-TR003-R2-03H42M,03,42,Berlin Hbf,2,Intercité,,"Générateur de Zombie, Arrecour",,,,,
NP-TR003-R1-03H43M,03,43,Baie de Fleurs,4,Intercité,,"Gendte C., Plainebourg",,,,,
NP-TR003-R2-03H43M,03,43,Sudport,1,Intercité,,Leusden,,,,,
NP-TR003-R1-03H58M,03,48,Nouveau Paris Nord,2,T.E. Regional,,Châteauville,Rijdt niet door werkzaamheden. Reis naar Côte Boisée via Leusden.,werkzaamheden,,,1
NP-TR003-R2-03H58M,03,48,Gendte Ville Basse,3,T.E. Regional,,"Canauxbourg, Ville de Finpont, Plainebourg, Gendte Central",,,,1,
NP-TR003-R1-03H52M,03,52,Plaine au centre de la forêt,5,T.E. Regional,,Nouveau Paris Sud,,,,,
NP-TR003-R2-03H53M,03,53,Berlin Hbf,7,ICE International,,,,,,,
NP-TR003-R1-03H55M,03,55,Obsiddian Lake City Int.,6,Eurostar,,,,,,,
NP-TR003-R2-03H57M,03,57,Mer Nouveau,3,Intercité,,"Formarais, Portail de l'Ouest",Stopt ook in Formarais,,,,
NP-TR003-R1-03H57M,03,57,Berlin Hbf,2,Intercité,,"Générateur de Zombie, Arrecour",,,,,
NP-TR003-R2-03H58M,03,58,Baie de Fleurs,4,Intercité,,Gendte C.,,,,,
NP-TR003-R1-03H58M,03,58,Sudport,1,Intercité,,Leusden,,,,,
NP-TR003-R2-04H03M,04,03,Nouveau Paris Nord,2,T.E. Regional,,Châteauville,Rijdt niet door werkzaamheden. Reis naar Côte Boisée via Leusden.,werkzaamheden,,,1
NP-TR003-R1-04H03M,04,03,Gendte Ville Basse,3,T.E. Regional,,"Canauxbourg, Ville de Finpont, Plainebourg, Gendte Central",,,,1,
NP-TR005-R2-04H07M,04,07,Plaine au centre de la forêt,5,T.E. Regional,,Nouveau Paris Sud,,,,,
NP-ICE01-R2-04H08M,04,08,Berlin Hbf,7,ICE International,,,,,,,
NP-EUR01-R2-04H10M,04,10,Obsiddian Lake City Int.,6,Eurostar,,Dover,,,,,
NP-IC002-R1-04H12M,04,12,Mer Nouveau,3,Intercité,,"Formarais, Portail de l'Ouest",Stopt ook in Formarais,,,,
NP-TR003-R2-04H12M,04,12,Berlin Hbf,2,Intercité,,"Générateur de Zombie, Arrecour",,,,,
NP-TR003-R1-04H13M,04,13,Baie de Fleurs,4,Intercité,,"Gendte C., Plainebourg",,,,,
NP-TR003-R2-04H13M,04,13,Sudport,1,Intercité,,Leusden,,,,,
NP-TR003-R1-04H18M,04,18,Nouveau Paris Nord,2,T.E. Regional,,Châteauville,Rijdt niet door werkzaamheden. Reis naar Côte Boisée via Leusden.,werkzaamheden,,,1
NP-TR003-R2-04H18M,04,18,Gendte Ville Basse,3,T.E. Regional,,"Canauxbourg, Ville de Finpont, Plainebourg, Gendte Central",,,,1,
NP-TR003-R1-04H22M,04,22,Plaine au centre de la forêt,5,T.E. Regional,,Nouveau Paris Sud,,,,,
NP-TR003-R2-04H23M,04,23,Berlin Hbf,7,ICE International,,,,,,,
NP-TR003-R1-04H25M,04,25,Obsiddian Lake City Int.,6,Eurostar,,,,,,,
NP-TR003-R2-04H27M,04,27,Mer Nouveau,3,Intercité,,"Formarais, Portail de l'Ouest",Stopt ook in Formarais,,,,
NP-TR003-R1-04H27M,04,27,Berlin Hbf,2,Intercité,,"Générateur de Zombie, Arrecour",,,,,
NP-TR003-R2-04H28M,04,28,Baie de Fleurs,4,Intercité,,Gendte C.,,,,,
NP-TR003-R1-04H28M,04,28,Sudport,1,Intercité,,Leusden,,,,,
NP-TR003-R2-04H33M,04,33,Nouveau Paris Nord,2,T.E. Regional,,Châteauville,Rijdt niet door werkzaamheden. Reis naar Côte Boisée via Leusden.,werkzaamheden,,,1
NP-TR003-R1-04H33M,04,33,Gendte Ville Basse,3,T.E. Regional,,"Canauxbourg, Ville de Finpont, Plainebourg, Gendte Central",,,,1,
NP-TR005-R2-04H37M,04,37,Plaine au centre de la forêt,5,T.E. Regional,,Nouveau Paris Sud,,,,,
NP-ICE01-R2-04H38M,04,38,Berlin Hbf,7,ICE International,,,,,,,
NP-EUR01-R2-04H40M,04,40,Obsiddian Lake City Int.,6,Eurostar,,Dover,,,,,
NP-IC002-R1-04H42M,04,42,Mer Nouveau,3,Intercité,,"Formarais, Portail de l'Ouest",Stopt ook in Formarais,,,,
NP-TR003-R2-04H42M,04,42,Berlin Hbf,2,Intercité,,"Générateur de Zombie, Arrecour",,,,,
NP-TR003-R1-04H43M,04,43,Baie de Fleurs,4,Intercité,,"Gendte C., Plainebourg",,,,,
NP-TR003-R2-04H43M,04,43,Sudport,1,Intercité,,Leusden,,,,,
NP-TR003-R1-04H58M,04,48,Nouveau Paris Nord,2,T.E. Regional,,Châteauville,Rijdt niet door werkzaamheden. Reis naar Côte Boisée via Leusden.,werkzaamheden,,,1
NP-TR003-R2-04H58M,04,48,Gendte Ville Basse,3,T.E. Regional,,"Canauxbourg, Ville de Finpont, Plainebourg, Gendte Central",,,,1,
NP-TR003-R1-04H52M,04,52,Plaine au centre de la forêt,5,T.E. Regional,,Nouveau Paris Sud,,,,,
NP-TR003-R2-04H53M,04,53,Berlin Hbf,7,ICE International,,,,,,,
NP-TR003-R1-04H55M,04,55,Obsiddian Lake City Int.,6,Eurostar,,,,,,,
NP-TR003-R2-04H57M,04,57,Mer Nouveau,3,Intercité,,"Formarais, Portail de l'Ouest",Stopt ook in Formarais,,,,
NP-TR003-R1-04H57M,04,57,Berlin Hbf,2,Intercité,,"Générateur de Zombie, Arrecour",,,,,
NP-TR003-R2-04H58M,04,58,Baie de Fleurs,4,Intercité,,Gendte C.,,,,,
NP-TR003-R1-04H58M,04,58,Sudport,1,Intercité,,Leusden,,,,,
NP-TR003-R2-05H03M,05,03,Nouveau Paris Nord,2,T.E. Regional,,Châteauville,Rijdt niet door werkzaamheden. Reis naar Côte Boisée via Leusden.,werkzaamheden,,,1
NP-TR003-R1-05H03M,05,03,Gendte Ville Basse,3,T.E. Regional,,"Canauxbourg, Ville de Finpont, Plainebourg, Gendte Central",,,,1,
NP-TR005-R2-05H07M,05,07,Plaine au centre de la forêt,5,T.E. Regional,,Nouveau Paris Sud,,,,,
NP-ICE01-R2-05H08M,05,08,Berlin Hbf,7,ICE International,,,,,,,
NP-EUR01-R2-05H10M,05,10,Obsiddian Lake City Int.,6,Eurostar,,Dover,,,,,
NP-IC002-R1-05H12M,05,12,Mer Nouveau,3,Intercité,,"Formarais, Portail de l'Ouest",Stopt ook in Formarais,,,,
NP-TR003-R2-05H12M,05,12,Berlin Hbf,2,Intercité,,"Générateur de Zombie, Arrecour",,,,,
NP-TR003-R1-05H13M,05,13,Baie de Fleurs,4,Intercité,,"Gendte C., Plainebourg",,,,,
NP-TR003-R2-05H13M,05,13,Sudport,1,Intercité,,Leusden,,,,,
NP-TR003-R1-05H18M,05,18,Nouveau Paris Nord,2,T.E. Regional,,Châteauville,Rijdt niet door werkzaamheden. Reis naar Côte Boisée via Leusden.,werkzaamheden,,,1
NP-TR003-R2-05H18M,05,18,Gendte Ville Basse,3,T.E. Regional,,"Canauxbourg, Ville de Finpont, Plainebourg, Gendte Central",,,,1,
NP-TR003-R1-05H22M,05,22,Plaine au centre de la forêt,5,T.E. Regional,,Nouveau Paris Sud,,,,,
NP-TR003-R2-05H23M,05,23,Berlin Hbf,7,ICE International,,,,,,,
NP-TR003-R1-05H25M,05,25,Obsiddian Lake City Int.,6,Eurostar,,,,,,,
NP-TR003-R2-05H27M,05,27,Mer Nouveau,3,Intercité,,"Formarais, Portail de l'Ouest",Stopt ook in Formarais,,,,
NP-TR003-R1-05H27M,05,27,Berlin Hbf,2,Intercité,,"Générateur de Zombie, Arrecour",,,,,
NP-TR003-R2-05H28M,05,28,Baie de Fleurs,4,Intercité,,Gendte C.,,,,,
NP-TR003-R1-05H28M,05,28,Sudport,1,Intercité,,Leusden,,,,,
NP-TR003-R2-05H33M,05,33,Nouveau Paris Nord,2,T.E. Regional,,Châteauville,Rijdt niet door werkzaamheden. Reis naar Côte Boisée via Leusden.,werkzaamheden,,,1
NP-TR003-R1-05H33M,05,33,Gendte Ville Basse,3,T.E. Regional,,"Canauxbourg, Ville de Finpont, Plainebourg, Gendte Central",,,,1,
NP-TR005-R2-05H37M,05,37,Plaine au centre de la forêt,5,T.E. Regional,,Nouveau Paris Sud,,,,,
NP-ICE01-R2-05H38M,05,38,Berlin Hbf,7,ICE International,,,,,,,
NP-EUR01-R2-05H40M,05,40,Obsiddian Lake City Int.,6,Eurostar,,Dover,,,,,
NP-IC002-R1-05H42M,05,42,Mer Nouveau,3,Intercité,,"Formarais, Portail de l'Ouest",Stopt ook in Formarais,,,,
NP-TR003-R2-05H42M,05,42,Berlin Hbf,2,Intercité,,"Générateur de Zombie, Arrecour",,,,,
NP-TR003-R1-05H43M,05,43,Baie de Fleurs,4,Intercité,,"Gendte C., Plainebourg",,,,,
NP-TR003-R2-05H43M,05,43,Sudport,1,Intercité,,Leusden,,,,,
NP-TR003-R1-05H58M,05,48,Nouveau Paris Nord,2,T.E. Regional,,Châteauville,Rijdt niet door werkzaamheden. Reis naar Côte Boisée via Leusden.,werkzaamheden,,,1
NP-TR003-R2-05H58M,05,48,Gendte Ville Basse,3,T.E. Regional,,"Canauxbourg, Ville de Finpont, Plainebourg, Gendte Central",,,,1,
NP-TR003-R1-05H52M,05,52,Plaine au centre de la forêt,5,T.E. Regional,,Nouveau Paris Sud,,,,,
NP-TR003-R2-05H53M,05,53,Berlin Hbf,7,ICE International,,,,,,,
NP-TR003-R1-05H55M,05,55,Obsiddian Lake City Int.,6,Eurostar,,,,,,,
NP-TR003-R2-05H57M,05,57,Mer Nouveau,3,Intercité,,"Formarais, Portail de l'Ouest",Stopt ook in Formarais,,,,
NP-TR003-R1-05H57M,05,57,Berlin Hbf,2,Intercité,,"Générateur de Zombie, Arrecour",,,,,
NP-TR003-R2-05H58M,05,58,Baie de Fleurs,4,Intercité,,Gendte C.,,,,,
NP-TR003-R1-05H58M,05,58,Sudport,1,Intercité,,Leusden,,,,,
NP-TR003-R2-06H03M,06,03,Nouveau Paris Nord,2,T.E. Regional,,Châteauville,Rijdt niet door werkzaamheden. Reis naar Côte Boisée via Leusden.,werkzaamheden,,,1
NP-TR003-R1-06H03M,06,03,Gendte Ville Basse,3,T.E. Regional,,"Canauxbourg, Ville de Finpont, Plainebourg, Gendte Central",,,,1,
NP-TR005-R2-06H07M,06,07,Plaine au centre de la forêt,5,T.E. Regional,,Nouveau Paris Sud,,,,,
NP-ICE01-R2-06H08M,06,08,Berlin Hbf,7,ICE International,,,,,,,
NP-EUR01-R2-06H10M,06,10,Obsiddian Lake City Int.,6,Eurostar,,Dover,,,,,
NP-IC002-R1-06H12M,06,12,Mer Nouveau,3,Intercité,,"Formarais, Portail de l'Ouest",Stopt ook in Formarais,,,,
NP-TR003-R2-06H12M,06,12,Berlin Hbf,2,Intercité,,"Générateur de Zombie, Arrecour",,,,,
NP-TR003-R1-06H13M,06,13,Baie de Fleurs,4,Intercité,,"Gendte C., Plainebourg",,,,,
NP-TR003-R2-06H13M,06,13,Sudport,1,Intercité,,Leusden,,,,,
NP-TR003-R1-06H18M,06,18,Nouveau Paris Nord,2,T.E. Regional,,Châteauville,Rijdt niet door werkzaamheden. Reis naar Côte Boisée via Leusden.,werkzaamheden,,,1
NP-TR003-R2-06H18M,06,18,Gendte Ville Basse,3,T.E. Regional,,"Canauxbourg, Ville de Finpont, Plainebourg, Gendte Central",,,,1,
NP-TR003-R1-06H22M,06,22,Plaine au centre de la forêt,5,T.E. Regional,,Nouveau Paris Sud,,,,,
NP-TR003-R2-06H23M,06,23,Berlin Hbf,7,ICE International,,,,,,,
NP-TR003-R1-06H25M,06,25,Obsiddian Lake City Int.,6,Eurostar,,,,,,,
NP-TR003-R2-06H27M,06,27,Mer Nouveau,3,Intercité,,"Formarais, Portail de l'Ouest",Stopt ook in Formarais,,,,
NP-TR003-R1-06H27M,06,27,Berlin Hbf,2,Intercité,,"Générateur de Zombie, Arrecour",,,,,
NP-TR003-R2-06H28M,06,28,Baie de Fleurs,4,Intercité,,Gendte C.,,,,,
NP-TR003-R1-06H28M,06,28,Sudport,1,Intercité,,Leusden,,,,,
NP-TR003-R2-06H33M,06,33,Nouveau Paris Nord,2,T.E. Regional,,Châteauville,Rijdt niet door werkzaamheden. Reis naar Côte Boisée via Leusden.,werkzaamheden,,,1
NP-TR003-R1-06H33M,06,33,Gendte Ville Basse,3,T.E. Regional,,"Canauxbourg, Ville de Finpont, Plainebourg, Gendte Central",,,,1,
NP-TR005-R2-06H37M,06,37,Plaine au centre de la forêt,5,T.E. Regional,,Nouveau Paris Sud,,,,,
NP-ICE01-R2-06H38M,06,38,Berlin Hbf,7,ICE International,,,,,,,
NP-EUR01-R2-06H40M,06,40,Obsiddian Lake City Int.,6,Eurostar,,Dover,,,,,
NP-IC002-R1-06H42M,06,42,Mer Nouveau,3,Intercité,,"Formarais, Portail de l'Ouest",Stopt ook in Formarais,,,,
NP-TR003-R2-06H42M,06,42,Berlin Hbf,2,Intercité,,"Générateur de Zombie, Arrecour",,,,,
NP-TR003-R1-06H43M,06,43,Baie de Fleurs,4,Intercité,,"Gendte C., Plainebourg",,,,,
NP-TR003-R2-06H43M,06,43,Sudport,1,Intercité,,Leusden,,,,,
NP-TR003-R1-06H58M,06,48,Nouveau Paris Nord,2,T.E. Regional,,Châteauville,Rijdt niet door werkzaamheden. Reis naar Côte Boisée via Leusden.,werkzaamheden,,,1
NP-TR003-R2-06H58M,06,48,Gendte Ville Basse,3,T.E. Regional,,"Canauxbourg, Ville de Finpont, Plainebourg, Gendte Central",,,,1,
NP-TR003-R1-06H52M,06,52,Plaine au centre de la forêt,5,T.E. Regional,,Nouveau Paris Sud,,,,,
NP-TR003-R2-06H53M,06,53,Berlin Hbf,7,ICE International,,,,,,,
NP-TR003-R1-06H55M,06,55,Obsiddian Lake City Int.,6,Eurostar,,,,,,,
NP-TR003-R2-06H57M,06,57,Mer Nouveau,3,Intercité,,"Formarais, Portail de l'Ouest",Stopt ook in Formarais,,,,
NP-TR003-R1-06H57M,06,57,Berlin Hbf,2,Intercité,,"Générateur de Zombie, Arrecour",,,,,
NP-TR003-R2-06H58M,06,58,Baie de Fleurs,4,Intercité,,Gendte C.,,,,,
NP-TR003-R1-06H58M,06,58,Sudport,1,Intercité,,Leusden,,,,,
NP-TR003-R2-07H03M,07,03,Nouveau Paris Nord,2,T.E. Regional,,Châteauville,Rijdt niet door werkzaamheden. Reis naar Côte Boisée via Leusden.,werkzaamheden,,,1
NP-TR003-R1-07H03M,07,03,Gendte Ville Basse,3,T.E. Regional,,"Canauxbourg, Ville de Finpont, Plainebourg, Gendte Central",,,,1,
NP-TR005-R2-07H07M,07,07,Plaine au centre de la forêt,5,T.E. Regional,,Nouveau Paris Sud,,,,,
NP-ICE01-R2-07H08M,07,08,Berlin Hbf,7,ICE International,,,,,,,
NP-EUR01-R2-07H10M,07,10,Obsiddian Lake City Int.,6,Eurostar,,Dover,,,,,
NP-IC002-R1-07H12M,07,12,Mer Nouveau,3,Intercité,,"Formarais, Portail de l'Ouest",Stopt ook in Formarais,,,,
NP-TR003-R2-07H12M,07,12,Berlin Hbf,2,Intercité,,"Générateur de Zombie, Arrecour",,,,,
NP-TR003-R1-07H13M,07,13,Baie de Fleurs,4,Intercité,,"Gendte C., Plainebourg",,,,,
NP-TR003-R2-07H13M,07,13,Sudport,1,Intercité,,Leusden,,,,,
NP-TR003-R1-07H18M,07,18,Nouveau Paris Nord,2,T.E. Regional,,Châteauville,Rijdt niet door werkzaamheden. Reis naar Côte Boisée via Leusden.,werkzaamheden,,,1
NP-TR003-R2-07H18M,07,18,Gendte Ville Basse,3,T.E. Regional,,"Canauxbourg, Ville de Finpont, Plainebourg, Gendte Central",,,,1,
NP-TR003-R1-07H22M,07,22,Plaine au centre de la forêt,5,T.E. Regional,,Nouveau Paris Sud,,,,,
NP-TR003-R2-07H23M,07,23,Berlin Hbf,7,ICE International,,,,,,,
NP-TR003-R1-07H25M,07,25,Obsiddian Lake City Int.,6,Eurostar,,,,,,,
NP-TR003-R2-07H27M,07,27,Mer Nouveau,3,Intercité,,"Formarais, Portail de l'Ouest",Stopt ook in Formarais,,,,
NP-TR003-R1-07H27M,07,27,Berlin Hbf,2,Intercité,,"Générateur de Zombie, Arrecour",,,,,
NP-TR003-R2-07H28M,07,28,Baie de Fleurs,4,Intercité,,Gendte C.,,,,,
NP-TR003-R1-07H28M,07,28,Sudport,1,Intercité,,Leusden,,,,,
NP-TR003-R2-07H33M,07,33,Nouveau Paris Nord,2,T.E. Regional,,Châteauville,Rijdt niet door werkzaamheden. Reis naar Côte Boisée via Leusden.,werkzaamheden,,,1
NP-TR003-R1-07H33M,07,33,Gendte Ville Basse,3,T.E. Regional,,"Canauxbourg, Ville de Finpont, Plainebourg, Gendte Central",,,,1,
NP-TR005-R2-07H37M,07,37,Plaine au centre de la forêt,5,T.E. Regional,,Nouveau Paris Sud,,,,,
NP-ICE01-R2-07H38M,07,38,Berlin Hbf,7,ICE International,,,,,,,
NP-EUR01-R2-07H40M,07,40,Obsiddian Lake City Int.,6,Eurostar,,Dover,,,,,
NP-IC002-R1-07H42M,07,42,Mer Nouveau,3,Intercité,,"Formarais, Portail de l'Ouest",Stopt ook in Formarais,,,,
NP-TR003-R2-07H42M,07,42,Berlin Hbf,2,Intercité,,"Générateur de Zombie, Arrecour",,,,,
NP-TR003-R1-07H43M,07,43,Baie de Fleurs,4,Intercité,,"Gendte C., Plainebourg",,,,,
NP-TR003-R2-07H43M,07,43,Sudport,1,Intercité,,Leusden,,,,,
NP-TR003-R1-07H58M,07,48,Nouveau Paris Nord,2,T.E. Regional,,Châteauville,Rijdt niet door werkzaamheden. Reis naar Côte Boisée via Leusden.,werkzaamheden,,,1
NP-TR003-R2-07H58M,07,48,Gendte Ville Basse,3,T.E. Regional,,"Canauxbourg, Ville de Finpont, Plainebourg, Gendte Central",,,,1,
NP-TR003-R1-07H52M,07,52,Plaine au centre de la forêt,5,T.E. Regional,,Nouveau Paris Sud,,,,,
NP-TR003-R2-07H53M,07,53,Berlin Hbf,7,ICE International,,,,,,,
NP-TR003-R1-07H55M,07,55,Obsiddian Lake City Int.,6,Eurostar,,,,,,,
NP-TR003-R2-07H57M,07,57,Mer Nouveau,3,Intercité,,"Formarais, Portail de l'Ouest",Stopt ook in Formarais,,,,
NP-TR003-R1-07H57M,07,57,Berlin Hbf,2,Intercité,,"Générateur de Zombie, Arrecour",,,,,
NP-TR003-R2-07H58M,07,58,Baie de Fleurs,4,Intercité,,Gendte C.,,,,,
NP-TR003-R1-07H58M,07,58,Sudport,1,Intercité,,Leusden,,,,,
NP-TR003-R2-08H03M,08,03,Nouveau Paris Nord,2,T.E. Regional,,Châteauville,Rijdt niet door werkzaamheden. Reis naar Côte Boisée via Leusden.,werkzaamheden,,,1
NP-TR003-R1-08H03M,08,03,Gendte Ville Basse,3,T.E. Regional,,"Canauxbourg, Ville de Finpont, Plainebourg, Gendte Central",,,,1,
NP-TR005-R2-08H07M,08,07,Plaine au centre de la forêt,5,T.E. Regional,,Nouveau Paris Sud,,,,,
NP-ICE01-R2-08H08M,08,08,Berlin Hbf,7,ICE International,,,,,,,
NP-EUR01-R2-08H10M,08,10,Obsiddian Lake City Int.,6,Eurostar,,Dover,,,,,
NP-IC002-R1-08H12M,08,12,Mer Nouveau,3,Intercité,,"Formarais, Portail de l'Ouest",Stopt ook in Formarais,,,,
NP-TR003-R2-08H12M,08,12,Berlin Hbf,2,Intercité,,"Générateur de Zombie, Arrecour",,,,,
NP-TR003-R1-08H13M,08,13,Baie de Fleurs,4,Intercité,,"Gendte C., Plainebourg",,,,,
NP-TR003-R2-08H13M,08,13,Sudport,1,Intercité,,Leusden,,,,,
NP-TR003-R1-08H18M,08,18,Nouveau Paris Nord,2,T.E. Regional,,Châteauville,Rijdt niet door werkzaamheden. Reis naar Côte Boisée via Leusden.,werkzaamheden,,,1
NP-TR003-R2-08H18M,08,18,Gendte Ville Basse,3,T.E. Regional,,"Canauxbourg, Ville de Finpont, Plainebourg, Gendte Central",,,,1,
NP-TR003-R1-08H22M,08,22,Plaine au centre de la forêt,5,T.E. Regional,,Nouveau Paris Sud,,,,,
NP-TR003-R2-08H23M,08,23,Berlin Hbf,7,ICE International,,,,,,,
NP-TR003-R1-08H25M,08,25,Obsiddian Lake City Int.,6,Eurostar,,,,,,,
NP-TR003-R2-08H27M,08,27,Mer Nouveau,3,Intercité,,"Formarais, Portail de l'Ouest",Stopt ook in Formarais,,,,
NP-TR003-R1-08H27M,08,27,Berlin Hbf,2,Intercité,,"Générateur de Zombie, Arrecour",,,,,
NP-TR003-R2-08H28M,08,28,Baie de Fleurs,4,Intercité,,Gendte C.,,,,,
NP-TR003-R1-08H28M,08,28,Sudport,1,Intercité,,Leusden,,,,,
NP-TR003-R2-08H33M,08,33,Nouveau Paris Nord,2,T.E. Regional,,Châteauville,Rijdt niet door werkzaamheden. Reis naar Côte Boisée via Leusden.,werkzaamheden,,,1
NP-TR003-R1-08H33M,08,33,Gendte Ville Basse,3,T.E. Regional,,"Canauxbourg, Ville de Finpont, Plainebourg, Gendte Central",,,,1,
NP-TR005-R2-08H37M,08,37,Plaine au centre de la forêt,5,T.E. Regional,,Nouveau Paris Sud,,,,,
NP-ICE01-R2-08H38M,08,38,Berlin Hbf,7,ICE International,,,,,,,
NP-EUR01-R2-08H40M,08,40,Obsiddian Lake City Int.,6,Eurostar,,Dover,,,,,
NP-IC002-R1-08H42M,08,42,Mer Nouveau,3,Intercité,,"Formarais, Portail de l'Ouest",Stopt ook in Formarais,,,,
NP-TR003-R2-08H42M,08,42,Berlin Hbf,2,Intercité,,"Générateur de Zombie, Arrecour",,,,,
NP-TR003-R1-08H43M,08,43,Baie de Fleurs,4,Intercité,,"Gendte C., Plainebourg",,,,,
NP-TR003-R2-08H43M,08,43,Sudport,1,Intercité,,Leusden,,,,,
NP-TR003-R1-08H58M,08,48,Nouveau Paris Nord,2,T.E. Regional,,Châteauville,Rijdt niet door werkzaamheden. Reis naar Côte Boisée via Leusden.,werkzaamheden,,,1
NP-TR003-R2-08H58M,08,48,Gendte Ville Basse,3,T.E. Regional,,"Canauxbourg, Ville de Finpont, Plainebourg, Gendte Central",,,,1,
NP-TR003-R1-08H52M,08,52,Plaine au centre de la forêt,5,T.E. Regional,,Nouveau Paris Sud,,,,,
NP-TR003-R2-08H53M,08,53,Berlin Hbf,7,ICE International,,,,,,,
NP-TR003-R1-08H55M,08,55,Obsiddian Lake City Int.,6,Eurostar,,,,,,,
NP-TR003-R2-08H57M,08,57,Mer Nouveau,3,Intercité,,"Formarais, Portail de l'Ouest",Stopt ook in Formarais,,,,
NP-TR003-R1-08H57M,08,57,Berlin Hbf,2,Intercité,,"Générateur de Zombie, Arrecour",,,,,
NP-TR003-R2-08H58M,08,58,Baie de Fleurs,4,Intercité,,Gendte C.,,,,,
NP-TR003-R1-08H58M,08,58,Sudport,1,Intercité,,Leusden,,,,,
NP-TR003-R2-09H03M,09,03,Nouveau Paris Nord,2,T.E. Regional,,Châteauville,Rijdt niet door werkzaamheden. Reis naar Côte Boisée via Leusden.,werkzaamheden,,,1
NP-TR003-R1-09H03M,09,03,Gendte Ville Basse,3,T.E. Regional,,"Canauxbourg, Ville de Finpont, Plainebourg, Gendte Central",,,,1,
NP-TR005-R2-09H07M,09,07,Plaine au centre de la forêt,5,T.E. Regional,,Nouveau Paris Sud,,,,,
NP-ICE01-R2-09H08M,09,08,Berlin Hbf,7,ICE International,,,,,,,
NP-EUR01-R2-09H10M,09,10,Obsiddian Lake City Int.,6,Eurostar,,Dover,,,,,
NP-IC002-R1-09H12M,09,12,Mer Nouveau,3,Intercité,,"Formarais, Portail de l'Ouest",Stopt ook in Formarais,,,,
NP-TR003-R2-09H12M,09,12,Berlin Hbf,2,Intercité,,"Générateur de Zombie, Arrecour",,,,,
NP-TR003-R1-09H13M,09,13,Baie de Fleurs,4,Intercité,,"Gendte C., Plainebourg",,,,,
NP-TR003-R2-09H13M,09,13,Sudport,1,Intercité,,Leusden,,,,,
NP-TR003-R1-09H18M,09,18,Nouveau Paris Nord,2,T.E. Regional,,Châteauville,Rijdt niet door werkzaamheden. Reis naar Côte Boisée via Leusden.,werkzaamheden,,,1
NP-TR003-R2-09H18M,09,18,Gendte Ville Basse,3,T.E. Regional,,"Canauxbourg, Ville de Finpont, Plainebourg, Gendte Central",,,,1,
NP-TR003-R1-09H22M,09,22,Plaine au centre de la forêt,5,T.E. Regional,,Nouveau Paris Sud,,,,,
NP-TR003-R2-09H23M,09,23,Berlin Hbf,7,ICE International,,,,,,,
NP-TR003-R1-09H25M,09,25,Obsiddian Lake City Int.,6,Eurostar,,,,,,,
NP-TR003-R2-09H27M,09,27,Mer Nouveau,3,Intercité,,"Formarais, Portail de l'Ouest",Stopt ook in Formarais,,,,
NP-TR003-R1-09H27M,09,27,Berlin Hbf,2,Intercité,,"Générateur de Zombie, Arrecour",,,,,
NP-TR003-R2-09H28M,09,28,Baie de Fleurs,4,Intercité,,Gendte C.,,,,,
NP-TR003-R1-09H28M,09,28,Sudport,1,Intercité,,Leusden,,,,,
NP-TR003-R2-09H33M,09,33,Nouveau Paris Nord,2,T.E. Regional,,Châteauville,Rijdt niet door werkzaamheden. Reis naar Côte Boisée via Leusden.,werkzaamheden,,,1
NP-TR003-R1-09H33M,09,33,Gendte Ville Basse,3,T.E. Regional,,"Canauxbourg, Ville de Finpont, Plainebourg, Gendte Central",,,,1,
NP-TR005-R2-09H37M,09,37,Plaine au centre de la forêt,5,T.E. Regional,,Nouveau Paris Sud,,,,,
NP-ICE01-R2-09H38M,09,38,Berlin Hbf,7,ICE International,,,,,,,
NP-EUR01-R2-09H40M,09,40,Obsiddian Lake City Int.,6,Eurostar,,Dover,,,,,
NP-IC002-R1-09H42M,09,42,Mer Nouveau,3,Intercité,,"Formarais, Portail de l'Ouest",Stopt ook in Formarais,,,,
NP-TR003-R2-09H42M,09,42,Berlin Hbf,2,Intercité,,"Générateur de Zombie, Arrecour",,,,,
NP-TR003-R1-09H43M,09,43,Baie de Fleurs,4,Intercité,,"Gendte C., Plainebourg",,,,,
NP-TR003-R2-09H43M,09,43,Sudport,1,Intercité,,Leusden,,,,,
NP-TR003-R1-09H58M,09,48,Nouveau Paris Nord,2,T.E. Regional,,Châteauville,Rijdt niet door werkzaamheden. Reis naar Côte Boisée via Leusden.,werkzaamheden,,,1
NP-TR003-R2-09H58M,09,48,Gendte Ville Basse,3,T.E. Regional,,"Canauxbourg, Ville de Finpont, Plainebourg, Gendte Central",,,,1,
NP-TR003-R1-09H52M,09,52,Plaine au centre de la forêt,5,T.E. Regional,,Nouveau Paris Sud,,,,,
NP-TR003-R2-09H53M,09,53,Berlin Hbf,7,ICE International,,,,,,,
NP-TR003-R1-09H55M,09,55,Obsiddian Lake City Int.,6,Eurostar,,,,,,,
NP-TR003-R2-09H57M,09,57,Mer Nouveau,3,Intercité,,"Formarais, Portail de l'Ouest",Stopt ook in Formarais,,,,
NP-TR003-R1-09H57M,09,57,Berlin Hbf,2,Intercité,,"Générateur de Zombie, Arrecour",,,,,
NP-TR003-R2-09H58M,09,58,Baie de Fleurs,4,Intercité,,Gendte C.,,,,,
NP-TR003-R1-09H58M,09,58,Sudport,1,Intercité,,Leusden,,,,,
NP-TR003-R2-10H03M,10,03,Nouveau Paris Nord,2,T.E. Regional,,Châteauville,Rijdt niet door werkzaamheden. Reis naar Côte Boisée via Leusden.,werkzaamheden,,,1
NP-TR003-R1-10H03M,10,03,Gendte Ville Basse,3,T.E. Regional,,"Canauxbourg, Ville de Finpont, Plainebourg, Gendte Central",,,,1,
NP-TR005-R2-10H07M,10,07,Plaine au centre de la forêt,5,T.E. Regional,,Nouveau Paris Sud,,,,,
NP-ICE01-R2-10H08M,10,08,Berlin Hbf,7,ICE International,,,,,,,
NP-EUR01-R2-10H10M,10,10,Obsiddian Lake City Int.,6,Eurostar,,Dover,,,,,
NP-IC002-R1-10H12M,10,12,Mer Nouveau,3,Intercité,,"Formarais, Portail de l'Ouest",Stopt ook in Formarais,,,,
NP-TR003-R2-10H12M,10,12,Berlin Hbf,2,Intercité,,"Générateur de Zombie, Arrecour",,,,,
NP-TR003-R1-10H13M,10,13,Baie de Fleurs,4,Intercité,,"Gendte C., Plainebourg",,,,,
NP-TR003-R2-10H13M,10,13,Sudport,1,Intercité,,Leusden,,,,,
NP-TR003-R1-10H18M,10,18,Nouveau Paris Nord,2,T.E. Regional,,Châteauville,Rijdt niet door werkzaamheden. Reis naar Côte Boisée via Leusden.,werkzaamheden,,,1
NP-TR003-R2-10H18M,10,18,Gendte Ville Basse,3,T.E. Regional,,"Canauxbourg, Ville de Finpont, Plainebourg, Gendte Central",,,,1,
NP-TR003-R1-10H22M,10,22,Plaine au centre de la forêt,5,T.E. Regional,,Nouveau Paris Sud,,,,,
NP-TR003-R2-10H23M,10,23,Berlin Hbf,7,ICE International,,,,,,,
NP-TR003-R1-10H25M,10,25,Obsiddian Lake City Int.,6,Eurostar,,,,,,,
NP-TR003-R2-10H27M,10,27,Mer Nouveau,3,Intercité,,"Formarais, Portail de l'Ouest",Stopt ook in Formarais,,,,
NP-TR003-R1-10H27M,10,27,Berlin Hbf,2,Intercité,,"Générateur de Zombie, Arrecour",,,,,
NP-TR003-R2-10H28M,10,28,Baie de Fleurs,4,Intercité,,Gendte C.,,,,,
NP-TR003-R1-10H28M,10,28,Sudport,1,Intercité,,Leusden,,,,,
NP-TR003-R2-10H33M,10,33,Nouveau Paris Nord,2,T.E. Regional,,Châteauville,Rijdt niet door werkzaamheden. Reis naar Côte Boisée via Leusden.,werkzaamheden,,,1
NP-TR003-R1-10H33M,10,33,Gendte Ville Basse,3,T.E. Regional,,"Canauxbourg, Ville de Finpont, Plainebourg, Gendte Central",,,,1,
NP-TR005-R2-10H37M,10,37,Plaine au centre de la forêt,5,T.E. Regional,,Nouveau Paris Sud,,,,,
NP-ICE01-R2-10H38M,10,38,Berlin Hbf,7,ICE International,,,,,,,
NP-EUR01-R2-10H40M,10,40,Obsiddian Lake City Int.,6,Eurostar,,Dover,,,,,
NP-IC002-R1-10H42M,10,42,Mer Nouveau,3,Intercité,,"Formarais, Portail de l'Ouest",Stopt ook in Formarais,,,,
NP-TR003-R2-10H42M,10,42,Berlin Hbf,2,Intercité,,"Générateur de Zombie, Arrecour",,,,,
NP-TR003-R1-10H43M,10,43,Baie de Fleurs,4,Intercité,,"Gendte C., Plainebourg",,,,,
NP-TR003-R2-10H43M,10,43,Sudport,1,Intercité,,Leusden,,,,,
NP-TR003-R1-10H58M,10,48,Nouveau Paris Nord,2,T.E. Regional,,Châteauville,Rijdt niet door werkzaamheden. Reis naar Côte Boisée via Leusden.,werkzaamheden,,,1
NP-TR003-R2-10H58M,10,48,Gendte Ville Basse,3,T.E. Regional,,"Canauxbourg, Ville de Finpont, Plainebourg, Gendte Central",,,,1,
NP-TR003-R1-10H52M,10,52,Plaine au centre de la forêt,5,T.E. Regional,,Nouveau Paris Sud,,,,,
NP-TR003-R2-10H53M,10,53,Berlin Hbf,7,ICE International,,,,,,,
NP-TR003-R1-10H55M,10,55,Obsiddian Lake City Int.,6,Eurostar,,,,,,,
NP-TR003-R2-10H57M,10,57,Mer Nouveau,3,Intercité,,"Formarais, Portail de l'Ouest",Stopt ook in Formarais,,,,
NP-TR003-R1-10H57M,10,57,Berlin Hbf,2,Intercité,,"Générateur de Zombie, Arrecour",,,,,
NP-TR003-R2-10H58M,10,58,Baie de Fleurs,4,Intercité,,Gendte C.,,,,,
NP-TR003-R1-10H58M,10,58,Sudport,1,Intercité,,Leusden,,,,,
NP-TR003-R2-11H03M,11,03,Nouveau Paris Nord,2,T.E. Regional,,Châteauville,Rijdt niet door werkzaamheden. Reis naar Côte Boisée via Leusden.,werkzaamheden,,,1
NP-TR003-R1-11H03M,11,03,Gendte Ville Basse,3,T.E. Regional,,"Canauxbourg, Ville de Finpont, Plainebourg, Gendte Central",,,,1,
NP-TR005-R2-11H07M,11,07,Plaine au centre de la forêt,5,T.E. Regional,,Nouveau Paris Sud,,,,,
NP-ICE01-R2-11H08M,11,08,Berlin Hbf,7,ICE International,,,,,,,
NP-EUR01-R2-11H10M,11,10,Obsiddian Lake City Int.,6,Eurostar,,Dover,,,,,
NP-IC002-R1-11H12M,11,12,Mer Nouveau,3,Intercité,,"Formarais, Portail de l'Ouest",Stopt ook in Formarais,,,,
NP-TR003-R2-11H12M,11,12,Berlin Hbf,2,Intercité,,"Générateur de Zombie, Arrecour",,,,,
NP-TR003-R1-11H13M,11,13,Baie de Fleurs,4,Intercité,,"Gendte C., Plainebourg",,,,,
NP-TR003-R2-11H13M,11,13,Sudport,1,Intercité,,Leusden,,,,,
NP-TR003-R1-11H18M,11,18,Nouveau Paris Nord,2,T.E. Regional,,Châteauville,Rijdt niet door werkzaamheden. Reis naar Côte Boisée via Leusden.,werkzaamheden,,,1
NP-TR003-R2-11H18M,11,18,Gendte Ville Basse,3,T.E. Regional,,"Canauxbourg, Ville de Finpont, Plainebourg, Gendte Central",,,,1,
NP-TR003-R1-11H22M,11,22,Plaine au centre de la forêt,5,T.E. Regional,,Nouveau Paris Sud,,,,,
NP-TR003-R2-11H23M,11,23,Berlin Hbf,7,ICE International,,,,,,,
NP-TR003-R1-11H25M,11,25,Obsiddian Lake City Int.,6,Eurostar,,,,,,,
NP-TR003-R2-11H27M,11,27,Mer Nouveau,3,Intercité,,"Formarais, Portail de l'Ouest",Stopt ook in Formarais,,,,
NP-TR003-R1-11H27M,11,27,Berlin Hbf,2,Intercité,,"Générateur de Zombie, Arrecour",,,,,
NP-TR003-R2-11H28M,11,28,Baie de Fleurs,4,Intercité,,Gendte C.,,,,,
NP-TR003-R1-11H28M,11,28,Sudport,1,Intercité,,Leusden,,,,,
NP-TR003-R2-11H33M,11,33,Nouveau Paris Nord,2,T.E. Regional,,Châteauville,Rijdt niet door werkzaamheden. Reis naar Côte Boisée via Leusden.,werkzaamheden,,,1
NP-TR003-R1-11H33M,11,33,Gendte Ville Basse,3,T.E. Regional,,"Canauxbourg, Ville de Finpont, Plainebourg, Gendte Central",,,,1,
NP-TR005-R2-11H37M,11,37,Plaine au centre de la forêt,5,T.E. Regional,,Nouveau Paris Sud,,,,,
NP-ICE01-R2-11H38M,11,38,Berlin Hbf,7,ICE International,,,,,,,
NP-EUR01-R2-11H40M,11,40,Obsiddian Lake City Int.,6,Eurostar,,Dover,,,,,
NP-IC002-R1-11H42M,11,42,Mer Nouveau,3,Intercité,,"Formarais, Portail de l'Ouest",Stopt ook in Formarais,,,,
NP-TR003-R2-11H42M,11,42,Berlin Hbf,2,Intercité,,"Générateur de Zombie, Arrecour",,,,,
NP-TR003-R1-11H43M,11,43,Baie de Fleurs,4,Intercité,,"Gendte C., Plainebourg",,,,,
NP-TR003-R2-11H43M,11,43,Sudport,1,Intercité,,Leusden,,,,,
NP-TR003-R1-11H58M,11,48,Nouveau Paris Nord,2,T.E. Regional,,Châteauville,Rijdt niet door werkzaamheden. Reis naar Côte Boisée via Leusden.,werkzaamheden,,,1
NP-TR003-R2-11H58M,11,48,Gendte Ville Basse,3,T.E. Regional,,"Canauxbourg, Ville de Finpont, Plainebourg, Gendte Central",,,,1,
NP-TR003-R1-11H52M,11,52,Plaine au centre de la forêt,5,T.E. Regional,,Nouveau Paris Sud,,,,,
NP-TR003-R2-11H53M,11,53,Berlin Hbf,7,ICE International,,,,,,,
NP-TR003-R1-11H55M,11,55,Obsiddian Lake City Int.,6,Eurostar,,,,,,,
NP-TR003-R2-11H57M,11,57,Mer Nouveau,3,Intercité,,"Formarais, Portail de l'Ouest",Stopt ook in Formarais,,,,
NP-TR003-R1-11H57M,11,57,Berlin Hbf,2,Intercité,,"Générateur de Zombie, Arrecour",,,,,
NP-TR003-R2-11H58M,11,58,Baie de Fleurs,4,Intercité,,Gendte C.,,,,,
NP-TR003-R1-11H58M,11,58,Sudport,1,Intercité,,Leusden,,,,,
NP-TR003-R2-12H03M,12,03,Nouveau Paris Nord,2,T.E. Regional,,Châteauville,Rijdt niet door werkzaamheden. Reis naar Côte Boisée via Leusden.,werkzaamheden,,,1
NP-TR003-R1-12H03M,12,03,Gendte Ville Basse,3,T.E. Regional,,"Canauxbourg, Ville de Finpont, Plainebourg, Gendte Central",,,,1,
NP-TR005-R2-12H07M,12,07,Plaine au centre de la forêt,5,T.E. Regional,,Nouveau Paris Sud,,,,,
NP-ICE01-R2-12H08M,12,08,Berlin Hbf,7,ICE International,,,,,,,
NP-EUR01-R2-12H10M,12,10,Obsiddian Lake City Int.,6,Eurostar,,Dover,,,,,
NP-IC002-R1-12H12M,12,12,Mer Nouveau,3,Intercité,,"Formarais, Portail de l'Ouest",Stopt ook in Formarais,,,,
NP-TR003-R2-12H12M,12,12,Berlin Hbf,2,Intercité,,"Générateur de Zombie, Arrecour",,,,,
NP-TR003-R1-12H13M,12,13,Baie de Fleurs,4,Intercité,,"Gendte C., Plainebourg",,,,,
NP-TR003-R2-12H13M,12,13,Sudport,1,Intercité,,Leusden,,,,,
NP-TR003-R1-12H18M,12,18,Nouveau Paris Nord,2,T.E. Regional,,Châteauville,Rijdt niet door werkzaamheden. Reis naar Côte Boisée via Leusden.,werkzaamheden,,,1
NP-TR003-R2-12H18M,12,18,Gendte Ville Basse,3,T.E. Regional,,"Canauxbourg, Ville de Finpont, Plainebourg, Gendte Central",,,,1,
NP-TR003-R1-12H22M,12,22,Plaine au centre de la forêt,5,T.E. Regional,,Nouveau Paris Sud,,,,,
NP-TR003-R2-12H23M,12,23,Berlin Hbf,7,ICE International,,,,,,,
NP-TR003-R1-12H25M,12,25,Obsiddian Lake City Int.,6,Eurostar,,,,,,,
NP-TR003-R2-12H27M,12,27,Mer Nouveau,3,Intercité,,"Formarais, Portail de l'Ouest",Stopt ook in Formarais,,,,
NP-TR003-R1-12H27M,12,27,Berlin Hbf,2,Intercité,,"Générateur de Zombie, Arrecour",,,,,
NP-TR003-R2-12H28M,12,28,Baie de Fleurs,4,Intercité,,Gendte C.,,,,,
NP-TR003-R1-12H28M,12,28,Sudport,1,Intercité,,Leusden,,,,,
NP-TR003-R2-12H33M,12,33,Nouveau Paris Nord,2,T.E. Regional,,Châteauville,Rijdt niet door werkzaamheden. Reis naar Côte Boisée via Leusden.,werkzaamheden,,,1
NP-TR003-R1-12H33M,12,33,Gendte Ville Basse,3,T.E. Regional,,"Canauxbourg, Ville de Finpont, Plainebourg, Gendte Central",,,,1,
NP-TR005-R2-12H37M,12,37,Plaine au centre de la forêt,5,T.E. Regional,,Nouveau Paris Sud,,,,,
NP-ICE01-R2-12H38M,12,38,Berlin Hbf,7,ICE International,,,,,,,
NP-EUR01-R2-12H40M,12,40,Obsiddian Lake City Int.,6,Eurostar,,Dover,,,,,
NP-IC002-R1-12H42M,12,42,Mer Nouveau,3,Intercité,,"Formarais, Portail de l'Ouest",Stopt ook in Formarais,,,,
NP-TR003-R2-12H42M,12,42,Berlin Hbf,2,Intercité,,"Générateur de Zombie, Arrecour",,,,,
NP-TR003-R1-12H43M,12,43,Baie de Fleurs,4,Intercité,,"Gendte C., Plainebourg",,,,,
NP-TR003-R2-12H43M,12,43,Sudport,1,Intercité,,Leusden,,,,,
NP-TR003-R1-12H58M,12,48,Nouveau Paris Nord,2,T.E. Regional,,Châteauville,Rijdt niet door werkzaamheden. Reis naar Côte Boisée via Leusden.,werkzaamheden,,,1
NP-TR003-R2-12H58M,12,48,Gendte Ville Basse,3,T.E. Regional,,"Canauxbourg, Ville de Finpont, Plainebourg, Gendte Central",,,,1,
NP-TR003-R1-12H52M,12,52,Plaine au centre de la forêt,5,T.E. Regional,,Nouveau Paris Sud,,,,,
NP-TR003-R2-12H53M,12,53,Berlin Hbf,7,ICE International,,,,,,,
NP-TR003-R1-12H55M,12,55,Obsiddian Lake City Int.,6,Eurostar,,,,,,,
NP-TR003-R2-12H57M,12,57,Mer Nouveau,3,Intercité,,"Formarais, Portail de l'Ouest",Stopt ook in Formarais,,,,
NP-TR003-R1-12H57M,12,57,Berlin Hbf,2,Intercité,,"Générateur de Zombie, Arrecour",,,,,
NP-TR003-R2-12H58M,12,58,Baie de Fleurs,4,Intercité,,Gendte C.,,,,,
NP-TR003-R1-12H58M,12,58,Sudport,1,Intercité,,Leusden,,,,,
NP-TR003-R2-13H03M,13,03,Nouveau Paris Nord,2,T.E. Regional,,Châteauville,Rijdt niet door werkzaamheden. Reis naar Côte Boisée via Leusden.,werkzaamheden,,,1
NP-TR003-R1-13H03M,13,03,Gendte Ville Basse,3,T.E. Regional,,"Canauxbourg, Ville de Finpont, Plainebourg, Gendte Central",,,,1,
NP-TR005-R2-13H07M,13,07,Plaine au centre de la forêt,5,T.E. Regional,,Nouveau Paris Sud,,,,,
NP-ICE01-R2-13H08M,13,08,Berlin Hbf,7,ICE International,,,,,,,
NP-EUR01-R2-13H10M,13,10,Obsiddian Lake City Int.,6,Eurostar,,Dover,,,,,
NP-IC002-R1-13H12M,13,12,Mer Nouveau,3,Intercité,,"Formarais, Portail de l'Ouest",Stopt ook in Formarais,,,,
NP-TR003-R2-13H12M,13,12,Berlin Hbf,2,Intercité,,"Générateur de Zombie, Arrecour",,,,,
NP-TR003-R1-13H13M,13,13,Baie de Fleurs,4,Intercité,,"Gendte C., Plainebourg",,,,,
NP-TR003-R2-13H13M,13,13,Sudport,1,Intercité,,Leusden,,,,,
NP-TR003-R1-13H18M,13,18,Nouveau Paris Nord,2,T.E. Regional,,Châteauville,Rijdt niet door werkzaamheden. Reis naar Côte Boisée via Leusden.,werkzaamheden,,,1
NP-TR003-R2-13H18M,13,18,Gendte Ville Basse,3,T.E. Regional,,"Canauxbourg, Ville de Finpont, Plainebourg, Gendte Central",,,,1,
NP-TR003-R1-13H22M,13,22,Plaine au centre de la forêt,5,T.E. Regional,,Nouveau Paris Sud,,,,,
NP-TR003-R2-13H23M,13,23,Berlin Hbf,7,ICE International,,,,,,,
NP-TR003-R1-13H25M,13,25,Obsiddian Lake City Int.,6,Eurostar,,,,,,,
NP-TR003-R2-13H27M,13,27,Mer Nouveau,3,Intercité,,"Formarais, Portail de l'Ouest",Stopt ook in Formarais,,,,
NP-TR003-R1-13H27M,13,27,Berlin Hbf,2,Intercité,,"Générateur de Zombie, Arrecour",,,,,
NP-TR003-R2-13H28M,13,28,Baie de Fleurs,4,Intercité,,Gendte C.,,,,,
NP-TR003-R1-13H28M,13,28,Sudport,1,Intercité,,Leusden,,,,,
NP-TR003-R2-13H33M,13,33,Nouveau Paris Nord,2,T.E. Regional,,Châteauville,Rijdt niet door werkzaamheden. Reis naar Côte Boisée via Leusden.,werkzaamheden,,,1
NP-TR003-R1-13H33M,13,33,Gendte Ville Basse,3,T.E. Regional,,"Canauxbourg, Ville de Finpont, Plainebourg, Gendte Central",,,,1,
NP-TR005-R2-13H37M,13,37,Plaine au centre de la forêt,5,T.E. Regional,,Nouveau Paris Sud,,,,,
NP-ICE01-R2-13H38M,13,38,Berlin Hbf,7,ICE International,,,,,,,
NP-EUR01-R2-13H40M,13,40,Obsiddian Lake City Int.,6,Eurostar,,Dover,,,,,
NP-IC002-R1-13H42M,13,42,Mer Nouveau,3,Intercité,,"Formarais, Portail de l'Ouest",Stopt ook in Formarais,,,,
NP-TR003-R2-13H42M,13,42,Berlin Hbf,2,Intercité,,"Générateur de Zombie, Arrecour",,,,,
NP-TR003-R1-13H43M,13,43,Baie de Fleurs,4,Intercité,,"Gendte C., Plainebourg",,,,,
NP-TR003-R2-13H43M,13,43,Sudport,1,Intercité,,Leusden,,,,,
NP-TR003-R1-13H58M,13,48,Nouveau Paris Nord,2,T.E. Regional,,Châteauville,Rijdt niet door werkzaamheden. Reis naar Côte Boisée via Leusden.,werkzaamheden,,,1
NP-TR003-R2-13H58M,13,48,Gendte Ville Basse,3,T.E. Regional,,"Canauxbourg, Ville de Finpont, Plainebourg, Gendte Central",,,,1,
NP-TR003-R1-13H52M,13,52,Plaine au centre de la forêt,5,T.E. Regional,,Nouveau Paris Sud,,,,,
NP-TR003-R2-13H53M,13,53,Berlin Hbf,7,ICE International,,,,,,,
NP-TR003-R1-13H55M,13,55,Obsiddian Lake City Int.,6,Eurostar,,,,,,,
NP-TR003-R2-13H57M,13,57,Mer Nouveau,3,Intercité,,"Formarais, Portail de l'Ouest",Stopt ook in Formarais,,,,
NP-TR003-R1-13H57M,13,57,Berlin Hbf,2,Intercité,,"Générateur de Zombie, Arrecour",,,,,
NP-TR003-R2-13H58M,13,58,Baie de Fleurs,4,Intercité,,Gendte C.,,,,,
NP-TR003-R1-13H58M,13,58,Sudport,1,Intercité,,Leusden,,,,,
NP-TR003-R2-14H03M,14,03,Nouveau Paris Nord,2,T.E. Regional,,Châteauville,Rijdt niet door werkzaamheden. Reis naar Côte Boisée via Leusden.,werkzaamheden,,,1
NP-TR003-R1-14H03M,14,03,Gendte Ville Basse,3,T.E. Regional,,"Canauxbourg, Ville de Finpont, Plainebourg, Gendte Central",,,,1,
NP-TR005-R2-14H07M,14,07,Plaine au centre de la forêt,5,T.E. Regional,,Nouveau Paris Sud,,,,,
NP-ICE01-R2-14H08M,14,08,Berlin Hbf,7,ICE International,,,,,,,
NP-EUR01-R2-14H10M,14,10,Obsiddian Lake City Int.,6,Eurostar,,Dover,,,,,
NP-IC002-R1-14H12M,14,12,Mer Nouveau,3,Intercité,,"Formarais, Portail de l'Ouest",Stopt ook in Formarais,,,,
NP-TR003-R2-14H12M,14,12,Berlin Hbf,2,Intercité,,"Générateur de Zombie, Arrecour",,,,,
NP-TR003-R1-14H13M,14,13,Baie de Fleurs,4,Intercité,,"Gendte C., Plainebourg",,,,,
NP-TR003-R2-14H13M,14,13,Sudport,1,Intercité,,Leusden,,,,,
NP-TR003-R1-14H18M,14,18,Nouveau Paris Nord,2,T.E. Regional,,Châteauville,Rijdt niet door werkzaamheden. Reis naar Côte Boisée via Leusden.,werkzaamheden,,,1
NP-TR003-R2-14H18M,14,18,Gendte Ville Basse,3,T.E. Regional,,"Canauxbourg, Ville de Finpont, Plainebourg, Gendte Central",,,,1,
NP-TR003-R1-14H22M,14,22,Plaine au centre de la forêt,5,T.E. Regional,,Nouveau Paris Sud,,,,,
NP-TR003-R2-14H23M,14,23,Berlin Hbf,7,ICE International,,,,,,,
NP-TR003-R1-14H25M,14,25,Obsiddian Lake City Int.,6,Eurostar,,,,,,,
NP-TR003-R2-14H27M,14,27,Mer Nouveau,3,Intercité,,"Formarais, Portail de l'Ouest",Stopt ook in Formarais,,,,
NP-TR003-R1-14H27M,14,27,Berlin Hbf,2,Intercité,,"Générateur de Zombie, Arrecour",,,,,
NP-TR003-R2-14H28M,14,28,Baie de Fleurs,4,Intercité,,Gendte C.,,,,,
NP-TR003-R1-14H28M,14,28,Sudport,1,Intercité,,Leusden,,,,,
NP-TR003-R2-14H33M,14,33,Nouveau Paris Nord,2,T.E. Regional,,Châteauville,Rijdt niet door werkzaamheden. Reis naar Côte Boisée via Leusden.,werkzaamheden,,,1
NP-TR003-R1-14H33M,14,33,Gendte Ville Basse,3,T.E. Regional,,"Canauxbourg, Ville de Finpont, Plainebourg, Gendte Central",,,,1,
NP-TR005-R2-14H37M,14,37,Plaine au centre de la forêt,5,T.E. Regional,,Nouveau Paris Sud,,,,,
NP-ICE01-R2-14H38M,14,38,Berlin Hbf,7,ICE International,,,,,,,
NP-EUR01-R2-14H40M,14,40,Obsiddian Lake City Int.,6,Eurostar,,Dover,,,,,
NP-IC002-R1-14H42M,14,42,Mer Nouveau,3,Intercité,,"Formarais, Portail de l'Ouest",Stopt ook in Formarais,,,,
NP-TR003-R2-14H42M,14,42,Berlin Hbf,2,Intercité,,"Générateur de Zombie, Arrecour",,,,,
NP-TR003-R1-14H43M,14,43,Baie de Fleurs,4,Intercité,,"Gendte C., Plainebourg",,,,,
NP-TR003-R2-14H43M,14,43,Sudport,1,Intercité,,Leusden,,,,,
NP-TR003-R1-14H58M,14,48,Nouveau Paris Nord,2,T.E. Regional,,Châteauville,Rijdt niet door werkzaamheden. Reis naar Côte Boisée via Leusden.,werkzaamheden,,,1
NP-TR003-R2-14H58M,14,48,Gendte Ville Basse,3,T.E. Regional,,"Canauxbourg, Ville de Finpont, Plainebourg, Gendte Central",,,,1,
NP-TR003-R1-14H52M,14,52,Plaine au centre de la forêt,5,T.E. Regional,,Nouveau Paris Sud,,,,,
NP-TR003-R2-14H53M,14,53,Berlin Hbf,7,ICE International,,,,,,,
NP-TR003-R1-14H55M,14,55,Obsiddian Lake City Int.,6,Eurostar,,,,,,,
NP-TR003-R2-14H57M,14,57,Mer Nouveau,3,Intercité,,"Formarais, Portail de l'Ouest",Stopt ook in Formarais,,,,
NP-TR003-R1-14H57M,14,57,Berlin Hbf,2,Intercité,,"Générateur de Zombie, Arrecour",,,,,
NP-TR003-R2-14H58M,14,58,Baie de Fleurs,4,Intercité,,Gendte C.,,,,,
NP-TR003-R1-14H58M,14,58,Sudport,1,Intercité,,Leusden,,,,,
NP-TR003-R2-15H03M,15,03,Nouveau Paris Nord,2,T.E. Regional,,Châteauville,Rijdt niet door werkzaamheden. Reis naar Côte Boisée via Leusden.,werkzaamheden,,,1
NP-TR003-R1-15H03M,15,03,Gendte Ville Basse,3,T.E. Regional,,"Canauxbourg, Ville de Finpont, Plainebourg, Gendte Central",,,,1,
NP-TR005-R2-15H07M,15,07,Plaine au centre de la forêt,5,T.E. Regional,,Nouveau Paris Sud,,,,,
NP-ICE01-R2-15H08M,15,08,Berlin Hbf,7,ICE International,,,,,,,
NP-EUR01-R2-15H10M,15,10,Obsiddian Lake City Int.,6,Eurostar,,Dover,,,,,
NP-IC002-R1-15H12M,15,12,Mer Nouveau,3,Intercité,,"Formarais, Portail de l'Ouest",Stopt ook in Formarais,,,,
NP-TR003-R2-15H12M,15,12,Berlin Hbf,2,Intercité,,"Générateur de Zombie, Arrecour",,,,,
NP-TR003-R1-15H13M,15,13,Baie de Fleurs,4,Intercité,,"Gendte C., Plainebourg",,,,,
NP-TR003-R2-15H13M,15,13,Sudport,1,Intercité,,Leusden,,,,,
NP-TR003-R1-15H18M,15,18,Nouveau Paris Nord,2,T.E. Regional,,Châteauville,Rijdt niet door werkzaamheden. Reis naar Côte Boisée via Leusden.,werkzaamheden,,,1
NP-TR003-R2-15H18M,15,18,Gendte Ville Basse,3,T.E. Regional,,"Canauxbourg, Ville de Finpont, Plainebourg, Gendte Central",,,,1,
NP-TR003-R1-15H22M,15,22,Plaine au centre de la forêt,5,T.E. Regional,,Nouveau Paris Sud,,,,,
NP-TR003-R2-15H23M,15,23,Berlin Hbf,7,ICE International,,,,,,,
NP-TR003-R1-15H25M,15,25,Obsiddian Lake City Int.,6,Eurostar,,,,,,,
NP-TR003-R2-15H27M,15,27,Mer Nouveau,3,Intercité,,"Formarais, Portail de l'Ouest",Stopt ook in Formarais,,,,
NP-TR003-R1-15H27M,15,27,Berlin Hbf,2,Intercité,,"Générateur de Zombie, Arrecour",,,,,
NP-TR003-R2-15H28M,15,28,Baie de Fleurs,4,Intercité,,Gendte C.,,,,,
NP-TR003-R1-15H28M,15,28,Sudport,1,Intercité,,Leusden,,,,,
NP-TR003-R2-15H33M,15,33,Nouveau Paris Nord,2,T.E. Regional,,Châteauville,Rijdt niet door werkzaamheden. Reis naar Côte Boisée via Leusden.,werkzaamheden,,,1
NP-TR003-R1-15H33M,15,33,Gendte Ville Basse,3,T.E. Regional,,"Canauxbourg, Ville de Finpont, Plainebourg, Gendte Central",,,,1,
NP-TR005-R2-15H37M,15,37,Plaine au centre de la forêt,5,T.E. Regional,,Nouveau Paris Sud,,,,,
NP-ICE01-R2-15H38M,15,38,Berlin Hbf,7,ICE International,,,,,,,
NP-EUR01-R2-15H40M,15,40,Obsiddian Lake City Int.,6,Eurostar,,Dover,,,,,
NP-IC002-R1-15H42M,15,42,Mer Nouveau,3,Intercité,,"Formarais, Portail de l'Ouest",Stopt ook in Formarais,,,,
NP-TR003-R2-15H42M,15,42,Berlin Hbf,2,Intercité,,"Générateur de Zombie, Arrecour",,,,,
NP-TR003-R1-15H43M,15,43,Baie de Fleurs,4,Intercité,,"Gendte C., Plainebourg",,,,,
NP-TR003-R2-15H43M,15,43,Sudport,1,Intercité,,Leusden,,,,,
NP-TR003-R1-15H58M,15,48,Nouveau Paris Nord,2,T.E. Regional,,Châteauville,Rijdt niet door werkzaamheden. Reis naar Côte Boisée via Leusden.,werkzaamheden,,,1
NP-TR003-R2-15H58M,15,48,Gendte Ville Basse,3,T.E. Regional,,"Canauxbourg, Ville de Finpont, Plainebourg, Gendte Central",,,,1,
NP-TR003-R1-15H52M,15,52,Plaine au centre de la forêt,5,T.E. Regional,,Nouveau Paris Sud,,,,,
NP-TR003-R2-15H53M,15,53,Berlin Hbf,7,ICE International,,,,,,,
NP-TR003-R1-15H55M,15,55,Obsiddian Lake City Int.,6,Eurostar,,,,,,,
NP-TR003-R2-15H57M,15,57,Mer Nouveau,3,Intercité,,"Formarais, Portail de l'Ouest",Stopt ook in Formarais,,,,
NP-TR003-R1-15H57M,15,57,Berlin Hbf,2,Intercité,,"Générateur de Zombie, Arrecour",,,,,
NP-TR003-R2-15H58M,15,58,Baie de Fleurs,4,Intercité,,Gendte C.,,,,,
NP-TR003-R1-15H58M,15,58,Sudport,1,Intercité,,Leusden,,,,,
NP-TR003-R2-16H03M,16,03,Nouveau Paris Nord,2,T.E. Regional,,Châteauville,Rijdt niet door werkzaamheden. Reis naar Côte Boisée via Leusden.,werkzaamheden,,,1
NP-TR003-R1-16H03M,16,03,Gendte Ville Basse,3,T.E. Regional,,"Canauxbourg, Ville de Finpont, Plainebourg, Gendte Central",,,,1,
NP-TR005-R2-16H07M,16,07,Plaine au centre de la forêt,5,T.E. Regional,,Nouveau Paris Sud,,,,,
NP-ICE01-R2-16H08M,16,08,Berlin Hbf,7,ICE International,,,,,,,
NP-EUR01-R2-16H10M,16,10,Obsiddian Lake City Int.,6,Eurostar,,Dover,,,,,
NP-IC002-R1-16H12M,16,12,Mer Nouveau,3,Intercité,,"Formarais, Portail de l'Ouest",Stopt ook in Formarais,,,,
NP-TR003-R2-16H12M,16,12,Berlin Hbf,2,Intercité,,"Générateur de Zombie, Arrecour",,,,,
NP-TR003-R1-16H13M,16,13,Baie de Fleurs,4,Intercité,,"Gendte C., Plainebourg",,,,,
NP-TR003-R2-16H13M,16,13,Sudport,1,Intercité,,Leusden,,,,,
NP-TR003-R1-16H18M,16,18,Nouveau Paris Nord,2,T.E. Regional,,Châteauville,Rijdt niet door werkzaamheden. Reis naar Côte Boisée via Leusden.,werkzaamheden,,,1
NP-TR003-R2-16H18M,16,18,Gendte Ville Basse,3,T.E. Regional,,"Canauxbourg, Ville de Finpont, Plainebourg, Gendte Central",,,,1,
NP-TR003-R1-16H22M,16,22,Plaine au centre de la forêt,5,T.E. Regional,,Nouveau Paris Sud,,,,,
NP-TR003-R2-16H23M,16,23,Berlin Hbf,7,ICE International,,,,,,,
NP-TR003-R1-16H25M,16,25,Obsiddian Lake City Int.,6,Eurostar,,,,,,,
NP-TR003-R2-16H27M,16,27,Mer Nouveau,3,Intercité,,"Formarais, Portail de l'Ouest",Stopt ook in Formarais,,,,
NP-TR003-R1-16H27M,16,27,Berlin Hbf,2,Intercité,,"Générateur de Zombie, Arrecour",,,,,
NP-TR003-R2-16H28M,16,28,Baie de Fleurs,4,Intercité,,Gendte C.,,,,,
NP-TR003-R1-16H28M,16,28,Sudport,1,Intercité,,Leusden,,,,,
NP-TR003-R2-16H33M,16,33,Nouveau Paris Nord,2,T.E. Regional,,Châteauville,Rijdt niet door werkzaamheden. Reis naar Côte Boisée via Leusden.,werkzaamheden,,,1
NP-TR003-R1-16H33M,16,33,Gendte Ville Basse,3,T.E. Regional,,"Canauxbourg, Ville de Finpont, Plainebourg, Gendte Central",,,,1,
NP-TR005-R2-16H37M,16,37,Plaine au centre de la forêt,5,T.E. Regional,,Nouveau Paris Sud,,,,,
NP-ICE01-R2-16H38M,16,38,Berlin Hbf,7,ICE International,,,,,,,
NP-EUR01-R2-16H40M,16,40,Obsiddian Lake City Int.,6,Eurostar,,Dover,,,,,
NP-IC002-R1-16H42M,16,42,Mer Nouveau,3,Intercité,,"Formarais, Portail de l'Ouest",Stopt ook in Formarais,,,,
NP-TR003-R2-16H42M,16,42,Berlin Hbf,2,Intercité,,"Générateur de Zombie, Arrecour",,,,,
NP-TR003-R1-16H43M,16,43,Baie de Fleurs,4,Intercité,,"Gendte C., Plainebourg",,,,,
NP-TR003-R2-16H43M,16,43,Sudport,1,Intercité,,Leusden,,,,,
NP-TR003-R1-16H58M,16,48,Nouveau Paris Nord,2,T.E. Regional,,Châteauville,Rijdt niet door werkzaamheden. Reis naar Côte Boisée via Leusden.,werkzaamheden,,,1
NP-TR003-R2-16H58M,16,48,Gendte Ville Basse,3,T.E. Regional,,"Canauxbourg, Ville de Finpont, Plainebourg, Gendte Central",,,,1,
NP-TR003-R1-16H52M,16,52,Plaine au centre de la forêt,5,T.E. Regional,,Nouveau Paris Sud,,,,,
NP-TR003-R2-16H53M,16,53,Berlin Hbf,7,ICE International,,,,,,,
NP-TR003-R1-16H55M,16,55,Obsiddian Lake City Int.,6,Eurostar,,,,,,,
NP-TR003-R2-16H57M,16,57,Mer Nouveau,3,Intercité,,"Formarais, Portail de l'Ouest",Stopt ook in Formarais,,,,
NP-TR003-R1-16H57M,16,57,Berlin Hbf,2,Intercité,,"Générateur de Zombie, Arrecour",,,,,
NP-TR003-R2-16H58M,16,58,Baie de Fleurs,4,Intercité,,Gendte C.,,,,,
NP-TR003-R1-16H58M,16,58,Sudport,1,Intercité,,Leusden,,,,,
NP-TR003-R2-17H03M,17,03,Nouveau Paris Nord,2,T.E. Regional,,Châteauville,Rijdt niet door werkzaamheden. Reis naar Côte Boisée via Leusden.,werkzaamheden,,,1
NP-TR003-R1-17H03M,17,03,Gendte Ville Basse,3,T.E. Regional,,"Canauxbourg, Ville de Finpont, Plainebourg, Gendte Central",,,,1,
NP-TR005-R2-17H07M,17,07,Plaine au centre de la forêt,5,T.E. Regional,,Nouveau Paris Sud,,,,,
NP-ICE01-R2-17H08M,17,08,Berlin Hbf,7,ICE International,,,,,,,
NP-EUR01-R2-17H10M,17,10,Obsiddian Lake City Int.,6,Eurostar,,Dover,,,,,
NP-IC002-R1-17H12M,17,12,Mer Nouveau,3,Intercité,,"Formarais, Portail de l'Ouest",Stopt ook in Formarais,,,,
NP-TR003-R2-17H12M,17,12,Berlin Hbf,2,Intercité,,"Générateur de Zombie, Arrecour",,,,,
NP-TR003-R1-17H13M,17,13,Baie de Fleurs,4,Intercité,,"Gendte C., Plainebourg",,,,,
NP-TR003-R2-17H13M,17,13,Sudport,1,Intercité,,Leusden,,,,,
NP-TR003-R1-17H18M,17,18,Nouveau Paris Nord,2,T.E. Regional,,Châteauville,Rijdt niet door werkzaamheden. Reis naar Côte Boisée via Leusden.,werkzaamheden,,,1
NP-TR003-R2-17H18M,17,18,Gendte Ville Basse,3,T.E. Regional,,"Canauxbourg, Ville de Finpont, Plainebourg, Gendte Central",,,,1,
NP-TR003-R1-17H22M,17,22,Plaine au centre de la forêt,5,T.E. Regional,,Nouveau Paris Sud,,,,,
NP-TR003-R2-17H23M,17,23,Berlin Hbf,7,ICE International,,,,,,,
NP-TR003-R1-17H25M,17,25,Obsiddian Lake City Int.,6,Eurostar,,,,,,,
NP-TR003-R2-17H27M,17,27,Mer Nouveau,3,Intercité,,"Formarais, Portail de l'Ouest",Stopt ook in Formarais,,,,
NP-TR003-R1-17H27M,17,27,Berlin Hbf,2,Intercité,,"Générateur de Zombie, Arrecour",,,,,
NP-TR003-R2-17H28M,17,28,Baie de Fleurs,4,Intercité,,Gendte C.,,,,,
NP-TR003-R1-17H28M,17,28,Sudport,1,Intercité,,Leusden,,,,,
NP-TR003-R2-17H33M,17,33,Nouveau Paris Nord,2,T.E. Regional,,Châteauville,Rijdt niet door werkzaamheden. Reis naar Côte Boisée via Leusden.,werkzaamheden,,,1
NP-TR003-R1-17H33M,17,33,Gendte Ville Basse,3,T.E. Regional,,"Canauxbourg, Ville de Finpont, Plainebourg, Gendte Central",,,,1,
NP-TR005-R2-17H37M,17,37,Plaine au centre de la forêt,5,T.E. Regional,,Nouveau Paris Sud,,,,,
NP-ICE01-R2-17H38M,17,38,Berlin Hbf,7,ICE International,,,,,,,
NP-EUR01-R2-17H40M,17,40,Obsiddian Lake City Int.,6,Eurostar,,Dover,,,,,
NP-IC002-R1-17H42M,17,42,Mer Nouveau,3,Intercité,,"Formarais, Portail de l'Ouest",Stopt ook in Formarais,,,,
NP-TR003-R2-17H42M,17,42,Berlin Hbf,2,Intercité,,"Générateur de Zombie, Arrecour",,,,,
NP-TR003-R1-17H43M,17,43,Baie de Fleurs,4,Intercité,,"Gendte C., Plainebourg",,,,,
NP-TR003-R2-17H43M,17,43,Sudport,1,Intercité,,Leusden,,,,,
NP-TR003-R1-17H58M,17,48,Nouveau Paris Nord,2,T.E. Regional,,Châteauville,Rijdt niet door werkzaamheden. Reis naar Côte Boisée via Leusden.,werkzaamheden,,,1
NP-TR003-R2-17H58M,17,48,Gendte Ville Basse,3,T.E. Regional,,"Canauxbourg, Ville de Finpont, Plainebourg, Gendte Central",,,,1,
NP-TR003-R1-17H52M,17,52,Plaine au centre de la forêt,5,T.E. Regional,,Nouveau Paris Sud,,,,,
NP-TR003-R2-17H53M,17,53,Berlin Hbf,7,ICE International,,,,,,,
NP-TR003-R1-17H55M,17,55,Obsiddian Lake City Int.,6,Eurostar,,,,,,,
NP-TR003-R2-17H57M,17,57,Mer Nouveau,3,Intercité,,"Formarais, Portail de l'Ouest",Stopt ook in Formarais,,,,
NP-TR003-R1-17H57M,17,57,Berlin Hbf,2,Intercité,,"Générateur de Zombie, Arrecour",,,,,
NP-TR003-R2-17H58M,17,58,Baie de Fleurs,4,Intercité,,Gendte C.,,,,,
NP-TR003-R1-17H58M,17,58,Sudport,1,Intercité,,Leusden,,,,,
NP-TR003-R2-18H03M,18,03,Nouveau Paris Nord,2,T.E. Regional,,Châteauville,Rijdt niet door werkzaamheden. Reis naar Côte Boisée via Leusden.,werkzaamheden,,,1
NP-TR003-R1-18H03M,18,03,Gendte Ville Basse,3,T.E. Regional,,"Canauxbourg, Ville de Finpont, Plainebourg, Gendte Central",,,,1,
NP-TR005-R2-18H07M,18,07,Plaine au centre de la forêt,5,T.E. Regional,,Nouveau Paris Sud,,,,,
NP-ICE01-R2-18H08M,18,08,Berlin Hbf,7,ICE International,,,,,,,
NP-EUR01-R2-18H10M,18,10,Obsiddian Lake City Int.,6,Eurostar,,Dover,,,,,
NP-IC002-R1-18H12M,18,12,Mer Nouveau,3,Intercité,,"Formarais, Portail de l'Ouest",Stopt ook in Formarais,,,,
NP-TR003-R2-18H12M,18,12,Berlin Hbf,2,Intercité,,"Générateur de Zombie, Arrecour",,,,,
NP-TR003-R1-18H13M,18,13,Baie de Fleurs,4,Intercité,,"Gendte C., Plainebourg",,,,,
NP-TR003-R2-18H13M,18,13,Sudport,1,Intercité,,Leusden,,,,,
NP-TR003-R1-18H18M,18,18,Nouveau Paris Nord,2,T.E. Regional,,Châteauville,Rijdt niet door werkzaamheden. Reis naar Côte Boisée via Leusden.,werkzaamheden,,,1
NP-TR003-R2-18H18M,18,18,Gendte Ville Basse,3,T.E. Regional,,"Canauxbourg, Ville de Finpont, Plainebourg, Gendte Central",,,,1,
NP-TR003-R1-18H22M,18,22,Plaine au centre de la forêt,5,T.E. Regional,,Nouveau Paris Sud,,,,,
NP-TR003-R2-18H23M,18,23,Berlin Hbf,7,ICE International,,,,,,,
NP-TR003-R1-18H25M,18,25,Obsiddian Lake City Int.,6,Eurostar,,,,,,,
NP-TR003-R2-18H27M,18,27,Mer Nouveau,3,Intercité,,"Formarais, Portail de l'Ouest",Stopt ook in Formarais,,,,
NP-TR003-R1-18H27M,18,27,Berlin Hbf,2,Intercité,,"Générateur de Zombie, Arrecour",,,,,
NP-TR003-R2-18H28M,18,28,Baie de Fleurs,4,Intercité,,Gendte C.,,,,,
NP-TR003-R1-18H28M,18,28,Sudport,1,Intercité,,Leusden,,,,,
NP-TR003-R2-18H33M,18,33,Nouveau Paris Nord,2,T.E. Regional,,Châteauville,Rijdt niet door werkzaamheden. Reis naar Côte Boisée via Leusden.,werkzaamheden,,,1
NP-TR003-R1-18H33M,18,33,Gendte Ville Basse,3,T.E. Regional,,"Canauxbourg, Ville de Finpont, Plainebourg, Gendte Central",,,,1,
NP-TR005-R2-18H37M,18,37,Plaine au centre de la forêt,5,T.E. Regional,,Nouveau Paris Sud,,,,,
NP-ICE01-R2-18H38M,18,38,Berlin Hbf,7,ICE International,,,,,,,
NP-EUR01-R2-18H40M,18,40,Obsiddian Lake City Int.,6,Eurostar,,Dover,,,,,
NP-IC002-R1-18H42M,18,42,Mer Nouveau,3,Intercité,,"Formarais, Portail de l'Ouest",Stopt ook in Formarais,,,,
NP-TR003-R2-18H42M,18,42,Berlin Hbf,2,Intercité,,"Générateur de Zombie, Arrecour",,,,,
NP-TR003-R1-18H43M,18,43,Baie de Fleurs,4,Intercité,,"Gendte C., Plainebourg",,,,,
NP-TR003-R2-18H43M,18,43,Sudport,1,Intercité,,Leusden,,,,,
NP-TR003-R1-18H58M,18,48,Nouveau Paris Nord,2,T.E. Regional,,Châteauville,Rijdt niet door werkzaamheden. Reis naar Côte Boisée via Leusden.,werkzaamheden,,,1
NP-TR003-R2-18H58M,18,48,Gendte Ville Basse,3,T.E. Regional,,"Canauxbourg, Ville de Finpont, Plainebourg, Gendte Central",,,,1,
NP-TR003-R1-18H52M,18,52,Plaine au centre de la forêt,5,T.E. Regional,,Nouveau Paris Sud,,,,,
NP-TR003-R2-18H53M,18,53,Berlin Hbf,7,ICE International,,,,,,,
NP-TR003-R1-18H55M,18,55,Obsiddian Lake City Int.,6,Eurostar,,,,,,,
NP-TR003-R2-18H57M,18,57,Mer Nouveau,3,Intercité,,"Formarais, Portail de l'Ouest",Stopt ook in Formarais,,,,
NP-TR003-R1-18H57M,18,57,Berlin Hbf,2,Intercité,,"Générateur de Zombie, Arrecour",,,,,
NP-TR003-R2-18H58M,18,58,Baie de Fleurs,4,Intercité,,Gendte C.,,,,,
NP-TR003-R1-18H58M,18,58,Sudport,1,Intercité,,Leusden,,,,,
NP-TR003-R2-19H03M,19,03,Nouveau Paris Nord,2,T.E. Regional,,Châteauville,Rijdt niet door werkzaamheden. Reis naar Côte Boisée via Leusden.,werkzaamheden,,,1
NP-TR003-R1-19H03M,19,03,Gendte Ville Basse,3,T.E. Regional,,"Canauxbourg, Ville de Finpont, Plainebourg, Gendte Central",,,,1,
NP-TR005-R2-19H07M,19,07,Plaine au centre de la forêt,5,T.E. Regional,,Nouveau Paris Sud,,,,,
NP-ICE01-R2-19H08M,19,08,Berlin Hbf,7,ICE International,,,,,,,
NP-EUR01-R2-19H10M,19,10,Obsiddian Lake City Int.,6,Eurostar,,Dover,,,,,
NP-IC002-R1-19H12M,19,12,Mer Nouveau,3,Intercité,,"Formarais, Portail de l'Ouest",Stopt ook in Formarais,,,,
NP-TR003-R2-19H12M,19,12,Berlin Hbf,2,Intercité,,"Générateur de Zombie, Arrecour",,,,,
NP-TR003-R1-19H13M,19,13,Baie de Fleurs,4,Intercité,,"Gendte C., Plainebourg",,,,,
NP-TR003-R2-19H13M,19,13,Sudport,1,Intercité,,Leusden,,,,,
NP-TR003-R1-19H18M,19,18,Nouveau Paris Nord,2,T.E. Regional,,Châteauville,Rijdt niet door werkzaamheden. Reis naar Côte Boisée via Leusden.,werkzaamheden,,,1
NP-TR003-R2-19H18M,19,18,Gendte Ville Basse,3,T.E. Regional,,"Canauxbourg, Ville de Finpont, Plainebourg, Gendte Central",,,,1,
NP-TR003-R1-19H22M,19,22,Plaine au centre de la forêt,5,T.E. Regional,,Nouveau Paris Sud,,,,,
NP-TR003-R2-19H23M,19,23,Berlin Hbf,7,ICE International,,,,,,,
NP-TR003-R1-19H25M,19,25,Obsiddian Lake City Int.,6,Eurostar,,,,,,,
NP-TR003-R2-19H27M,19,27,Mer Nouveau,3,Intercité,,"Formarais, Portail de l'Ouest",Stopt ook in Formarais,,,,
NP-TR003-R1-19H27M,19,27,Berlin Hbf,2,Intercité,,"Générateur de Zombie, Arrecour",,,,,
NP-TR003-R2-19H28M,19,28,Baie de Fleurs,4,Intercité,,Gendte C.,,,,,
NP-TR003-R1-19H28M,19,28,Sudport,1,Intercité,,Leusden,,,,,
NP-TR003-R2-19H33M,19,33,Nouveau Paris Nord,2,T.E. Regional,,Châteauville,Rijdt niet door werkzaamheden. Reis naar Côte Boisée via Leusden.,werkzaamheden,,,1
NP-TR003-R1-19H33M,19,33,Gendte Ville Basse,3,T.E. Regional,,"Canauxbourg, Ville de Finpont, Plainebourg, Gendte Central",,,,1,
NP-TR005-R2-19H37M,19,37,Plaine au centre de la forêt,5,T.E. Regional,,Nouveau Paris Sud,,,,,
NP-ICE01-R2-19H38M,19,38,Berlin Hbf,7,ICE International,,,,,,,
NP-EUR01-R2-19H40M,19,40,Obsiddian Lake City Int.,6,Eurostar,,Dover,,,,,
NP-IC002-R1-19H42M,19,42,Mer Nouveau,3,Intercité,,"Formarais, Portail de l'Ouest",Stopt ook in Formarais,,,,
NP-TR003-R2-19H42M,19,42,Berlin Hbf,2,Intercité,,"Générateur de Zombie, Arrecour",,,,,
NP-TR003-R1-19H43M,19,43,Baie de Fleurs,4,Intercité,,"Gendte C., Plainebourg",,,,,
NP-TR003-R2-19H43M,19,43,Sudport,1,Intercité,,Leusden,,,,,
NP-TR003-R1-19H58M,19,48,Nouveau Paris Nord,2,T.E. Regional,,Châteauville,Rijdt niet door werkzaamheden. Reis naar Côte Boisée via Leusden.,werkzaamheden,,,1
NP-TR003-R2-19H58M,19,48,Gendte Ville Basse,3,T.E. Regional,,"Canauxbourg, Ville de Finpont, Plainebourg, Gendte Central",,,,1,
NP-TR003-R1-19H52M,19,52,Plaine au centre de la forêt,5,T.E. Regional,,Nouveau Paris Sud,,,,,
NP-TR003-R2-19H53M,19,53,Berlin Hbf,7,ICE International,,,,,,,
NP-TR003-R1-19H55M,19,55,Obsiddian Lake City Int.,6,Eurostar,,,,,,,
NP-TR003-R2-19H57M,19,57,Mer Nouveau,3,Intercité,,"Formarais, Portail de l'Ouest",Stopt ook in Formarais,,,,
NP-TR003-R1-19H57M,19,57,Berlin Hbf,2,Intercité,,"Générateur de Zombie, Arrecour",,,,,
NP-TR003-R2-19H58M,19,58,Baie de Fleurs,4,Intercité,,Gendte C.,,,,,
NP-TR003-R1-19H58M,19,58,Sudport,1,Intercité,,Leusden,,,,,
NP-TR003-R2-20H03M,20,03,Nouveau Paris Nord,2,T.E. Regional,,Châteauville,Rijdt niet door werkzaamheden. Reis naar Côte Boisée via Leusden.,werkzaamheden,,,1
NP-TR003-R1-20H03M,20,03,Gendte Ville Basse,3,T.E. Regional,,"Canauxbourg, Ville de Finpont, Plainebourg, Gendte Central",,,,1,
NP-TR005-R2-20H07M,20,07,Plaine au centre de la forêt,5,T.E. Regional,,Nouveau Paris Sud,,,,,
NP-ICE01-R2-20H08M,20,08,Berlin Hbf,7,ICE International,,,,,,,
NP-EUR01-R2-20H10M,20,10,Obsiddian Lake City Int.,6,Eurostar,,Dover,,,,,
NP-IC002-R1-20H12M,20,12,Mer Nouveau,3,Intercité,,"Formarais, Portail de l'Ouest",Stopt ook in Formarais,,,,
NP-TR003-R2-20H12M,20,12,Berlin Hbf,2,Intercité,,"Générateur de Zombie, Arrecour",,,,,
NP-TR003-R1-20H13M,20,13,Baie de Fleurs,4,Intercité,,"Gendte C., Plainebourg",,,,,
NP-TR003-R2-20H13M,20,13,Sudport,1,Intercité,,Leusden,,,,,
NP-TR003-R1-20H18M,20,18,Nouveau Paris Nord,2,T.E. Regional,,Châteauville,Rijdt niet door werkzaamheden. Reis naar Côte Boisée via Leusden.,werkzaamheden,,,1
NP-TR003-R2-20H18M,20,18,Gendte Ville Basse,3,T.E. Regional,,"Canauxbourg, Ville de Finpont, Plainebourg, Gendte Central",,,,1,
NP-TR003-R1-20H22M,20,22,Plaine au centre de la forêt,5,T.E. Regional,,Nouveau Paris Sud,,,,,
NP-TR003-R2-20H23M,20,23,Berlin Hbf,7,ICE International,,,,,,,
NP-TR003-R1-20H25M,20,25,Obsiddian Lake City Int.,6,Eurostar,,,,,,,
NP-TR003-R2-20H27M,20,27,Mer Nouveau,3,Intercité,,"Formarais, Portail de l'Ouest",Stopt ook in Formarais,,,,
NP-TR003-R1-20H27M,20,27,Berlin Hbf,2,Intercité,,"Générateur de Zombie, Arrecour",,,,,
NP-TR003-R2-20H28M,20,28,Baie de Fleurs,4,Intercité,,Gendte C.,,,,,
NP-TR003-R1-20H28M,20,28,Sudport,1,Intercité,,Leusden,,,,,
NP-TR003-R2-20H33M,20,33,Nouveau Paris Nord,2,T.E. Regional,,Châteauville,Rijdt niet door werkzaamheden. Reis naar Côte Boisée via Leusden.,werkzaamheden,,,1
NP-TR003-R1-20H33M,20,33,Gendte Ville Basse,3,T.E. Regional,,"Canauxbourg, Ville de Finpont, Plainebourg, Gendte Central",,,,1,
NP-TR005-R2-20H37M,20,37,Plaine au centre de la forêt,5,T.E. Regional,,Nouveau Paris Sud,,,,,
NP-ICE01-R2-20H38M,20,38,Berlin Hbf,7,ICE International,,,,,,,
NP-EUR01-R2-20H40M,20,40,Obsiddian Lake City Int.,6,Eurostar,,Dover,,,,,
NP-IC002-R1-20H42M,20,42,Mer Nouveau,3,Intercité,,"Formarais, Portail de l'Ouest",Stopt ook in Formarais,,,,
NP-TR003-R2-20H42M,20,42,Berlin Hbf,2,Intercité,,"Générateur de Zombie, Arrecour",,,,,
NP-TR003-R1-20H43M,20,43,Baie de Fleurs,4,Intercité,,"Gendte C., Plainebourg",,,,,
NP-TR003-R2-20H43M,20,43,Sudport,1,Intercité,,Leusden,,,,,
NP-TR003-R1-20H58M,20,48,Nouveau Paris Nord,2,T.E. Regional,,Châteauville,Rijdt niet door werkzaamheden. Reis naar Côte Boisée via Leusden.,werkzaamheden,,,1
NP-TR003-R2-20H58M,20,48,Gendte Ville Basse,3,T.E. Regional,,"Canauxbourg, Ville de Finpont, Plainebourg, Gendte Central",,,,1,
NP-TR003-R1-20H52M,20,52,Plaine au centre de la forêt,5,T.E. Regional,,Nouveau Paris Sud,,,,,
NP-TR003-R2-20H53M,20,53,Berlin Hbf,7,ICE International,,,,,,,
NP-TR003-R1-20H55M,20,55,Obsiddian Lake City Int.,6,Eurostar,,,,,,,
NP-TR003-R2-20H57M,20,57,Mer Nouveau,3,Intercité,,"Formarais, Portail de l'Ouest",Stopt ook in Formarais,,,,
NP-TR003-R1-20H57M,20,57,Berlin Hbf,2,Intercité,,"Générateur de Zombie, Arrecour",,,,,
NP-TR003-R2-20H58M,20,58,Baie de Fleurs,4,Intercité,,Gendte C.,,,,,
NP-TR003-R1-20H58M,20,58,Sudport,1,Intercité,,Leusden,,,,,
NP-TR003-R2-21H03M,21,03,Nouveau Paris Nord,2,T.E. Regional,,Châteauville,Rijdt niet door werkzaamheden. Reis naar Côte Boisée via Leusden.,werkzaamheden,,,1
NP-TR003-R1-21H03M,21,03,Gendte Ville Basse,3,T.E. Regional,,"Canauxbourg, Ville de Finpont, Plainebourg, Gendte Central",,,,1,
NP-TR005-R2-21H07M,21,07,Plaine au centre de la forêt,5,T.E. Regional,,Nouveau Paris Sud,,,,,
NP-ICE01-R2-21H08M,21,08,Berlin Hbf,7,ICE International,,,,,,,
NP-EUR01-R2-21H10M,21,10,Obsiddian Lake City Int.,6,Eurostar,,Dover,,,,,
NP-IC002-R1-21H12M,21,12,Mer Nouveau,3,Intercité,,"Formarais, Portail de l'Ouest",Stopt ook in Formarais,,,,
NP-TR003-R2-21H12M,21,12,Berlin Hbf,2,Intercité,,"Générateur de Zombie, Arrecour",,,,,
NP-TR003-R1-21H13M,21,13,Baie de Fleurs,4,Intercité,,"Gendte C., Plainebourg",,,,,
NP-TR003-R2-21H13M,21,13,Sudport,1,Intercité,,Leusden,,,,,
NP-TR003-R1-21H18M,21,18,Nouveau Paris Nord,2,T.E. Regional,,Châteauville,Rijdt niet door werkzaamheden. Reis naar Côte Boisée via Leusden.,werkzaamheden,,,1
NP-TR003-R2-21H18M,21,18,Gendte Ville Basse,3,T.E. Regional,,"Canauxbourg, Ville de Finpont, Plainebourg, Gendte Central",,,,1,
NP-TR003-R1-21H22M,21,22,Plaine au centre de la forêt,5,T.E. Regional,,Nouveau Paris Sud,,,,,
NP-TR003-R2-21H23M,21,23,Berlin Hbf,7,ICE International,,,,,,,
NP-TR003-R1-21H25M,21,25,Obsiddian Lake City Int.,6,Eurostar,,,,,,,
NP-TR003-R2-21H27M,21,27,Mer Nouveau,3,Intercité,,"Formarais, Portail de l'Ouest",Stopt ook in Formarais,,,,
NP-TR003-R1-21H27M,21,27,Berlin Hbf,2,Intercité,,"Générateur de Zombie, Arrecour",,,,,
NP-TR003-R2-21H28M,21,28,Baie de Fleurs,4,Intercité,,Gendte C.,,,,,
NP-TR003-R1-21H28M,21,28,Sudport,1,Intercité,,Leusden,,,,,
NP-TR003-R2-21H33M,21,33,Nouveau Paris Nord,2,T.E. Regional,,Châteauville,Rijdt niet door werkzaamheden. Reis naar Côte Boisée via Leusden.,werkzaamheden,,,1
NP-TR003-R1-21H33M,21,33,Gendte Ville Basse,3,T.E. Regional,,"Canauxbourg, Ville de Finpont, Plainebourg, Gendte Central",,,,1,
NP-TR005-R2-21H37M,21,37,Plaine au centre de la forêt,5,T.E. Regional,,Nouveau Paris Sud,,,,,
NP-ICE01-R2-21H38M,21,38,Berlin Hbf,7,ICE International,,,,,,,
NP-EUR01-R2-21H40M,21,40,Obsiddian Lake City Int.,6,Eurostar,,Dover,,,,,
NP-IC002-R1-21H42M,21,42,Mer Nouveau,3,Intercité,,"Formarais, Portail de l'Ouest",Stopt ook in Formarais,,,,
NP-TR003-R2-21H42M,21,42,Berlin Hbf,2,Intercité,,"Générateur de Zombie, Arrecour",,,,,
NP-TR003-R1-21H43M,21,43,Baie de Fleurs,4,Intercité,,"Gendte C., Plainebourg",,,,,
NP-TR003-R2-21H43M,21,43,Sudport,1,Intercité,,Leusden,,,,,
NP-TR003-R1-21H58M,21,48,Nouveau Paris Nord,2,T.E. Regional,,Châteauville,Rijdt niet door werkzaamheden. Reis naar Côte Boisée via Leusden.,werkzaamheden,,,1
NP-TR003-R2-21H58M,21,48,Gendte Ville Basse,3,T.E. Regional,,"Canauxbourg, Ville de Finpont, Plainebourg, Gendte Central",,,,1,
NP-TR003-R1-21H52M,21,52,Plaine au centre de la forêt,5,T.E. Regional,,Nouveau Paris Sud,,,,,
NP-TR003-R2-21H53M,21,53,Berlin Hbf,7,ICE International,,,,,,,
NP-TR003-R1-21H55M,21,55,Obsiddian Lake City Int.,6,Eurostar,,,,,,,
NP-TR003-R2-21H57M,21,57,Mer Nouveau,3,Intercité,,"Formarais, Portail de l'Ouest",Stopt ook in Formarais,,,,
NP-TR003-R1-21H57M,21,57,Berlin Hbf,2,Intercité,,"Générateur de Zombie, Arrecour",,,,,
NP-TR003-R2-21H58M,21,58,Baie de Fleurs,4,Intercité,,Gendte C.,,,,,
NP-TR003-R1-21H58M,21,58,Sudport,1,Intercité,,Leusden,,,,,
NP-TR003-R2-22H03M,22,03,Nouveau Paris Nord,2,T.E. Regional,,Châteauville,Rijdt niet door werkzaamheden. Reis naar Côte Boisée via Leusden.,werkzaamheden,,,1
NP-TR003-R1-22H03M,22,03,Gendte Ville Basse,3,T.E. Regional,,"Canauxbourg, Ville de Finpont, Plainebourg, Gendte Central",,,,1,
NP-TR005-R2-22H07M,22,07,Plaine au centre de la forêt,5,T.E. Regional,,Nouveau Paris Sud,,,,,
NP-ICE01-R2-22H08M,22,08,Berlin Hbf,7,ICE International,,,,,,,
NP-EUR01-R2-22H10M,22,10,Obsiddian Lake City Int.,6,Eurostar,,Dover,,,,,
NP-IC002-R1-22H12M,22,12,Mer Nouveau,3,Intercité,,"Formarais, Portail de l'Ouest",Stopt ook in Formarais,,,,
NP-TR003-R2-22H12M,22,12,Berlin Hbf,2,Intercité,,"Générateur de Zombie, Arrecour",,,,,
NP-TR003-R1-22H13M,22,13,Baie de Fleurs,4,Intercité,,"Gendte C., Plainebourg",,,,,
NP-TR003-R2-22H13M,22,13,Sudport,1,Intercité,,Leusden,,,,,
NP-TR003-R1-22H18M,22,18,Nouveau Paris Nord,2,T.E. Regional,,Châteauville,Rijdt niet door werkzaamheden. Reis naar Côte Boisée via Leusden.,werkzaamheden,,,1
NP-TR003-R2-22H18M,22,18,Gendte Ville Basse,3,T.E. Regional,,"Canauxbourg, Ville de Finpont, Plainebourg, Gendte Central",,,,1,
NP-TR003-R1-22H22M,22,22,Plaine au centre de la forêt,5,T.E. Regional,,Nouveau Paris Sud,,,,,
NP-TR003-R2-22H23M,22,23,Berlin Hbf,7,ICE International,,,,,,,
NP-TR003-R1-22H25M,22,25,Obsiddian Lake City Int.,6,Eurostar,,,,,,,
NP-TR003-R2-22H27M,22,27,Mer Nouveau,3,Intercité,,"Formarais, Portail de l'Ouest",Stopt ook in Formarais,,,,
NP-TR003-R1-22H27M,22,27,Berlin Hbf,2,Intercité,,"Générateur de Zombie, Arrecour",,,,,
NP-TR003-R2-22H28M,22,28,Baie de Fleurs,4,Intercité,,Gendte C.,,,,,
NP-TR003-R1-22H28M,22,28,Sudport,1,Intercité,,Leusden,,,,,
NP-TR003-R2-22H33M,22,33,Nouveau Paris Nord,2,T.E. Regional,,Châteauville,Rijdt niet door werkzaamheden. Reis naar Côte Boisée via Leusden.,werkzaamheden,,,1
NP-TR003-R1-22H33M,22,33,Gendte Ville Basse,3,T.E. Regional,,"Canauxbourg, Ville de Finpont, Plainebourg, Gendte Central",,,,1,
NP-TR005-R2-22H37M,22,37,Plaine au centre de la forêt,5,T.E. Regional,,Nouveau Paris Sud,,,,,
NP-ICE01-R2-22H38M,22,38,Berlin Hbf,7,ICE International,,,,,,,
NP-EUR01-R2-22H40M,22,40,Obsiddian Lake City Int.,6,Eurostar,,Dover,,,,,
NP-IC002-R1-22H42M,22,42,Mer Nouveau,3,Intercité,,"Formarais, Portail de l'Ouest",Stopt ook in Formarais,,,,
NP-TR003-R2-22H42M,22,42,Berlin Hbf,2,Intercité,,"Générateur de Zombie, Arrecour",,,,,
NP-TR003-R1-22H43M,22,43,Baie de Fleurs,4,Intercité,,"Gendte C., Plainebourg",,,,,
NP-TR003-R2-22H43M,22,43,Sudport,1,Intercité,,Leusden,,,,,
NP-TR003-R1-22H58M,22,48,Nouveau Paris Nord,2,T.E. Regional,,Châteauville,Rijdt niet door werkzaamheden. Reis naar Côte Boisée via Leusden.,werkzaamheden,,,1
NP-TR003-R2-22H58M,22,48,Gendte Ville Basse,3,T.E. Regional,,"Canauxbourg, Ville de Finpont, Plainebourg, Gendte Central",,,,1,
NP-TR003-R1-22H52M,22,52,Plaine au centre de la forêt,5,T.E. Regional,,Nouveau Paris Sud,,,,,
NP-TR003-R2-22H53M,22,53,Berlin Hbf,7,ICE International,,,,,,,
NP-TR003-R1-22H55M,22,55,Obsiddian Lake City Int.,6,Eurostar,,,,,,,
NP-TR003-R2-22H57M,22,57,Mer Nouveau,3,Intercité,,"Formarais, Portail de l'Ouest",Stopt ook in Formarais,,,,
NP-TR003-R1-22H57M,22,57,Berlin Hbf,2,Intercité,,"Générateur de Zombie, Arrecour",,,,,
NP-TR003-R2-22H58M,22,58,Baie de Fleurs,4,Intercité,,Gendte C.,,,,,
NP-TR003-R1-22H58M,22,58,Sudport,1,Intercité,,Leusden,,,,,
NP-TR003-R2-23H03M,23,03,Nouveau Paris Nord,2,T.E. Regional,,Châteauville,Rijdt niet door werkzaamheden. Reis naar Côte Boisée via Leusden.,werkzaamheden,,,1
NP-TR003-R1-23H03M,23,03,Gendte Ville Basse,3,T.E. Regional,,"Canauxbourg, Ville de Finpont, Plainebourg, Gendte Central",,,,1,
NP-TR005-R2-23H07M,23,07,Plaine au centre de la forêt,5,T.E. Regional,,Nouveau Paris Sud,,,,,
NP-ICE01-R2-23H08M,23,08,Berlin Hbf,7,ICE International,,,,,,,
NP-EUR01-R2-23H10M,23,10,Obsiddian Lake City Int.,6,Eurostar,,Dover,,,,,
NP-IC002-R1-23H12M,23,12,Mer Nouveau,3,Intercité,,"Formarais, Portail de l'Ouest",Stopt ook in Formarais,,,,
NP-TR003-R2-23H12M,23,12,Berlin Hbf,2,Intercité,,"Générateur de Zombie, Arrecour",,,,,
NP-TR003-R1-23H13M,23,13,Baie de Fleurs,4,Intercité,,"Gendte C., Plainebourg",,,,,
NP-TR003-R2-23H13M,23,13,Sudport,1,Intercité,,Leusden,,,,,
NP-TR003-R1-23H18M,23,18,Nouveau Paris Nord,2,T.E. Regional,,Châteauville,Rijdt niet door werkzaamheden. Reis naar Côte Boisée via Leusden.,werkzaamheden,,,1
NP-TR003-R2-23H18M,23,18,Gendte Ville Basse,3,T.E. Regional,,"Canauxbourg, Ville de Finpont, Plainebourg, Gendte Central",,,,1,
NP-TR003-R1-23H22M,23,22,Plaine au centre de la forêt,5,T.E. Regional,,Nouveau Paris Sud,,,,,
NP-TR003-R2-23H23M,23,23,Berlin Hbf,7,ICE International,,,,,,,
NP-TR003-R1-23H25M,23,25,Obsiddian Lake City Int.,6,Eurostar,,,,,,,
NP-TR003-R2-23H27M,23,27,Mer Nouveau,3,Intercité,,"Formarais, Portail de l'Ouest",Stopt ook in Formarais,,,,
NP-TR003-R1-23H27M,23,27,Berlin Hbf,2,Intercité,,"Générateur de Zombie, Arrecour",,,,,
NP-TR003-R2-23H28M,23,28,Baie de Fleurs,4,Intercité,,Gendte C.,,,,,
NP-TR003-R1-23H28M,23,28,Sudport,1,Intercité,,Leusden,,,,,
NP-TR003-R2-23H33M,23,33,Nouveau Paris Nord,2,T.E. Regional,,Châteauville,Rijdt niet door werkzaamheden. Reis naar Côte Boisée via Leusden.,werkzaamheden,,,1
NP-TR003-R1-23H33M,23,33,Gendte Ville Basse,3,T.E. Regional,,"Canauxbourg, Ville de Finpont, Plainebourg, Gendte Central",,,,1,
NP-TR005-R2-23H37M,23,37,Plaine au centre de la forêt,5,T.E. Regional,,Nouveau Paris Sud,,,,,
NP-ICE01-R2-23H38M,23,38,Berlin Hbf,7,ICE International,,,,,,,
NP-EUR01-R2-23H40M,23,40,Obsiddian Lake City Int.,6,Eurostar,,Dover,,,,,
NP-IC002-R1-23H42M,23,42,Mer Nouveau,3,Intercité,,"Formarais, Portail de l'Ouest",Stopt ook in Formarais,,,,
NP-TR003-R2-23H42M,23,42,Berlin Hbf,2,Intercité,,"Générateur de Zombie, Arrecour",,,,,
NP-TR003-R1-23H43M,23,43,Baie de Fleurs,4,Intercité,,"Gendte C., Plainebourg",,,,,
NP-TR003-R2-23H43M,23,43,Sudport,1,Intercité,,Leusden,,,,,
NP-TR003-R1-23H58M,23,48,Nouveau Paris Nord,2,T.E. Regional,,Châteauville,Rijdt niet door werkzaamheden. Reis naar Côte Boisée via Leusden.,werkzaamheden,,,1
NP-TR003-R2-23H58M,23,48,Gendte Ville Basse,3,T.E. Regional,,"Canauxbourg, Ville de Finpont, Plainebourg, Gendte Central",,,,1,
NP-TR003-R1-23H52M,23,52,Plaine au centre de la forêt,5,T.E. Regional,,Nouveau Paris Sud,,,,,
NP-TR003-R2-23H53M,23,53,Berlin Hbf,7,ICE International,,,,,,,
NP-TR003-R1-23H55M,23,55,Obsiddian Lake City Int.,6,Eurostar,,,,,,,
NP-TR003-R2-23H57M,23,57,Mer Nouveau,3,Intercité,,"Formarais, Portail de l'Ouest",Stopt ook in Formarais,,,,
NP-TR003-R1-23H57M,23,57,Berlin Hbf,2,Intercité,,"Générateur de Zombie, Arrecour",,,,,
NP-TR003-R2-23H58M,23,58,Baie de Fleurs,4,Intercité,,Gendte C.,,,,,
NP-TR003-R1-23H58M,23,58,Sudport,1,Intercité,,Leusden,,,,,
